index,fit-max,fit-min,fit-avg-min,fit-avg-max,fit-avg,fit-avg-median,const-max,const-min,const-avg-min,const-avg-max,const-avg,const-avg-median,m-leg,m-grid,m-align,m-reg,m-just,m-type-par,m-balance,m-ng-space,m-sem-emp,m-sem-lay,m-sem-vis,fittest-avg-fit,fittest-avg-const,fittest-avg-penalty,fittest-avg-max-fit,fittest-avg-max-const,fittest-avg-max-penalty,fittest-avg-min-fit,fittest-avg-min-const,fittest-avg-min-penalty,fittest-avg-m-leg,fittest-avg-m-grid,fittest-avg-m-align,fittest-avg-m-reg,fittest-avg-m-just,fittest-avg-m-type-par,fittest-avg-m-balance,fittest-avg-m-ng-space,fittest-avg-m-sem-emp,fittest-avg-m-sem-lay,fittest-avg-m-sem-vis
0,0.8,0.4,0.64,0.51,0.55,0.56,1,0,1,0.01,0.47,0.48,0.62,0.91,0.29,0.93,0.51,0.48,0.54,0.52,0.32,0.83,0,0.55,0.28,0.28,0.62,0.43,0.53,0.49,0.03,0.28,0.82,0.91,0.36,0.95,0.36,0.53,0.61,0.51,0.36,0.83,0
1,0.82,0.38,0.63,0.5,0.55,0.55,1,0,1,0,0.38,0.38,0.71,0.91,0.31,0.93,0.44,0.49,0.57,0.51,0.33,0.83,0,0.55,0.22,0.33,0.62,0.37,0.56,0.49,0.01,0.33,0.87,0.91,0.39,0.94,0.32,0.56,0.62,0.49,0.37,0.83,0
2,0.77,0.36,0.62,0.49,0.55,0.55,1,0,1,0,0.31,0.3,0.78,0.91,0.34,0.92,0.39,0.51,0.6,0.5,0.35,0.83,0,0.55,0.2,0.36,0.61,0.34,0.57,0.49,0,0.36,0.9,0.91,0.41,0.95,0.3,0.59,0.63,0.47,0.39,0.83,0
3,0.76,0.37,0.62,0.48,0.55,0.55,1,0,0.99,0,0.27,0.25,0.8200000000000001,0.91,0.36,0.92,0.35,0.53,0.62,0.49,0.36,0.83,0,0.56,0.18,0.38,0.62,0.31,0.58,0.5,0,0.38,0.92,0.91,0.42,0.95,0.29,0.62,0.63,0.46,0.39,0.83,0
4,0.75,0.38,0.61,0.47,0.55,0.55,1,0,0.98,0,0.24,0.22,0.85,0.91,0.38,0.92,0.33,0.55,0.62,0.48,0.37,0.83,0,0.56,0.17,0.39,0.61,0.29,0.59,0.51,0,0.39,0.93,0.91,0.43,0.95,0.28,0.64,0.63,0.45,0.4,0.83,0
5,0.76,0.39,0.62,0.47,0.55,0.55,1,0,0.98,0,0.22,0.19,0.87,0.91,0.39,0.92,0.32,0.57,0.63,0.47,0.38,0.83,0,0.56,0.16,0.4,0.62,0.27,0.59,0.51,0,0.4,0.94,0.91,0.44,0.95,0.28,0.66,0.63,0.45,0.41,0.83,0
6,0.77,0.38,0.62,0.47,0.56,0.55,1,0,0.98,0,0.21,0.18,0.89,0.91,0.39,0.91,0.32,0.59,0.63,0.46,0.39,0.83,0,0.56,0.15,0.41,0.62,0.27,0.6,0.51,0,0.41,0.94,0.91,0.45,0.96,0.27,0.67,0.63,0.45,0.42,0.83,0
7,0.74,0.37,0.63,0.47,0.56,0.56,1,0,0.98,0,0.2,0.17,0.89,0.91,0.4,0.91,0.31,0.6,0.63,0.46,0.4,0.83,0,0.57,0.15,0.42,0.62,0.25,0.6,0.52,0,0.42,0.95,0.91,0.47,0.96,0.27,0.69,0.63,0.45,0.42,0.83,0
8,0.73,0.39,0.64,0.47,0.56,0.56,1,0,0.98,0,0.19,0.16,0.9,0.91,0.41,0.91,0.31,0.62,0.63,0.45,0.4,0.83,0,0.57,0.14,0.43,0.62,0.25,0.6,0.52,0,0.43,0.95,0.91,0.47,0.97,0.27,0.7,0.63,0.45,0.42,0.83,0
9,0.72,0.39,0.64,0.47,0.56,0.56,1,0,0.98,0,0.19,0.15,0.91,0.91,0.42,0.91,0.3,0.63,0.64,0.45,0.41,0.82,0,0.57,0.14,0.43,0.62,0.24,0.61,0.52,0,0.43,0.96,0.91,0.48,0.96,0.26,0.71,0.63,0.45,0.43,0.83,0
10,0.72,0.38,0.64,0.47,0.56,0.56,1,0,0.98,0,0.18,0.15,0.91,0.91,0.43,0.91,0.3,0.64,0.64,0.45,0.41,0.82,0,0.57,0.14,0.43,0.62,0.23,0.61,0.52,0,0.43,0.96,0.91,0.49,0.97,0.26,0.72,0.63,0.45,0.43,0.83,0
11,0.71,0.38,0.64,0.47,0.56,0.56,1,0,0.98,0,0.18,0.14,0.91,0.91,0.43,0.91,0.3,0.65,0.64,0.45,0.41,0.82,0,0.57,0.13,0.44,0.62,0.23,0.61,0.52,0,0.44,0.96,0.91,0.5,0.97,0.26,0.73,0.63,0.45,0.43,0.83,0
12,0.72,0.37,0.65,0.47,0.56,0.56,1,0,0.98,0,0.18,0.14,0.92,0.91,0.44,0.91,0.3,0.65,0.63,0.45,0.42,0.82,0,0.57,0.13,0.44,0.62,0.23,0.61,0.52,0,0.44,0.96,0.91,0.51,0.98,0.26,0.74,0.63,0.45,0.43,0.83,0
13,0.73,0.38,0.65,0.47,0.56,0.56,1,0,0.98,0,0.17,0.14,0.92,0.91,0.45,0.91,0.3,0.66,0.63,0.45,0.42,0.82,0,0.57,0.13,0.45,0.62,0.22,0.62,0.52,0,0.45,0.97,0.91,0.52,0.98,0.26,0.75,0.63,0.45,0.43,0.83,0
14,0.74,0.37,0.65,0.47,0.57,0.57,1,0,0.98,0,0.17,0.13,0.92,0.91,0.45,0.91,0.3,0.67,0.63,0.45,0.42,0.82,0,0.58,0.13,0.45,0.62,0.22,0.62,0.52,0,0.45,0.97,0.91,0.52,0.98,0.26,0.75,0.63,0.45,0.43,0.83,0
15,0.76,0.37,0.65,0.47,0.57,0.57,1,0,0.98,0,0.17,0.13,0.92,0.91,0.46,0.91,0.3,0.67,0.63,0.45,0.42,0.82,0,0.58,0.13,0.45,0.62,0.21,0.62,0.53,0,0.45,0.97,0.91,0.53,0.98,0.26,0.76,0.63,0.45,0.44,0.83,0
16,0.73,0.37,0.65,0.47,0.57,0.57,1,0,0.98,0,0.17,0.13,0.9299999999999999,0.91,0.46,0.91,0.29,0.68,0.63,0.45,0.42,0.82,0,0.58,0.12,0.45,0.62,0.21,0.62,0.53,0,0.45,0.97,0.91,0.53,0.98,0.26,0.76,0.63,0.45,0.44,0.83,0
17,0.71,0.37,0.65,0.47,0.57,0.57,1,0,0.98,0,0.17,0.13,0.9299999999999999,0.91,0.46,0.91,0.29,0.69,0.63,0.45,0.42,0.82,0,0.58,0.12,0.46,0.62,0.21,0.62,0.53,0,0.46,0.97,0.91,0.54,0.99,0.26,0.77,0.63,0.45,0.44,0.83,0
18,0.72,0.37,0.65,0.47,0.57,0.57,1,0,0.98,0,0.16,0.13,0.9299999999999999,0.91,0.47,0.9,0.29,0.69,0.63,0.45,0.42,0.82,0,0.58,0.12,0.46,0.62,0.2,0.62,0.53,0,0.46,0.97,0.91,0.54,0.98,0.26,0.77,0.63,0.45,0.44,0.83,0
19,0.73,0.37,0.66,0.47,0.57,0.57,1,0,0.98,0,0.16,0.12,0.9299999999999999,0.91,0.47,0.9,0.29,0.7,0.63,0.45,0.43,0.82,0,0.58,0.12,0.46,0.62,0.2,0.62,0.53,0,0.46,0.97,0.91,0.54,0.99,0.26,0.78,0.63,0.45,0.44,0.83,0
20,0.74,0.37,0.66,0.47,0.57,0.57,1,0,0.98,0,0.16,0.12,0.9299999999999999,0.91,0.47,0.9,0.29,0.7,0.63,0.45,0.43,0.82,0,0.58,0.12,0.46,0.62,0.2,0.62,0.53,0,0.46,0.98,0.91,0.55,0.98,0.26,0.78,0.63,0.45,0.44,0.83,0
21,0.74,0.37,0.66,0.47,0.57,0.57,1,0,0.98,0,0.16,0.12,0.9299999999999999,0.91,0.48,0.9,0.29,0.7,0.63,0.44,0.43,0.82,0,0.58,0.12,0.46,0.62,0.19,0.62,0.53,0,0.46,0.98,0.91,0.55,0.98,0.26,0.79,0.63,0.45,0.44,0.83,0
22,0.74,0.37,0.66,0.47,0.57,0.57,1,0,0.98,0,0.16,0.12,0.94,0.91,0.48,0.9,0.29,0.71,0.63,0.44,0.43,0.82,0,0.58,0.12,0.46,0.63,0.19,0.62,0.53,0,0.46,0.98,0.91,0.55,0.99,0.26,0.79,0.63,0.45,0.44,0.83,0
23,0.76,0.37,0.66,0.47,0.57,0.57,1,0,0.98,0,0.16,0.12,0.94,0.91,0.48,0.9,0.29,0.71,0.63,0.44,0.43,0.82,0,0.58,0.11,0.47,0.63,0.19,0.62,0.53,0,0.47,0.98,0.91,0.56,0.99,0.26,0.79,0.63,0.45,0.44,0.83,0
24,0.73,0.36,0.66,0.47,0.57,0.57,1,0,0.98,0,0.15,0.12,0.94,0.91,0.49,0.9,0.29,0.71,0.63,0.44,0.43,0.82,0,0.58,0.11,0.47,0.62,0.19,0.62,0.53,0,0.47,0.98,0.91,0.56,0.99,0.26,0.8,0.63,0.45,0.44,0.83,0
25,0.75,0.36,0.66,0.47,0.57,0.57,1,0,0.98,0,0.15,0.12,0.94,0.91,0.49,0.9,0.29,0.71,0.63,0.44,0.43,0.82,0,0.58,0.11,0.47,0.63,0.18,0.62,0.53,0,0.47,0.98,0.91,0.56,0.99,0.26,0.8,0.63,0.45,0.44,0.83,0
26,0.73,0.36,0.66,0.47,0.57,0.57,1,0,0.98,0,0.15,0.12,0.94,0.91,0.49,0.89,0.29,0.71,0.63,0.44,0.43,0.82,0,0.58,0.11,0.47,0.63,0.18,0.62,0.53,0,0.47,0.98,0.91,0.57,0.99,0.26,0.8,0.63,0.45,0.44,0.83,0
27,0.73,0.36,0.66,0.47,0.57,0.57,1,0,0.98,0,0.15,0.11,0.94,0.91,0.49,0.89,0.29,0.72,0.63,0.44,0.43,0.82,0,0.58,0.11,0.47,0.63,0.18,0.62,0.53,0,0.47,0.98,0.91,0.57,0.99,0.26,0.81,0.63,0.45,0.44,0.83,0
28,0.74,0.36,0.66,0.47,0.57,0.57,1,0,0.98,0,0.15,0.11,0.94,0.91,0.49,0.89,0.29,0.72,0.63,0.44,0.43,0.82,0,0.58,0.11,0.47,0.63,0.18,0.62,0.53,0,0.47,0.98,0.91,0.57,0.99,0.26,0.81,0.63,0.45,0.44,0.83,0
29,0.75,0.36,0.66,0.47,0.57,0.57,1,0,0.98,0,0.15,0.11,0.94,0.91,0.5,0.89,0.29,0.72,0.63,0.44,0.43,0.82,0,0.58,0.11,0.47,0.63,0.17,0.62,0.53,0,0.47,0.98,0.91,0.57,0.99,0.26,0.81,0.63,0.45,0.44,0.83,0
30,0.72,0.36,0.66,0.47,0.57,0.57,1,0,0.98,0,0.15,0.11,0.95,0.91,0.5,0.89,0.29,0.73,0.63,0.44,0.43,0.82,0,0.58,0.11,0.47,0.63,0.17,0.62,0.53,0,0.47,0.99,0.91,0.58,0.99,0.26,0.81,0.63,0.45,0.44,0.83,0
31,0.73,0.36,0.66,0.47,0.57,0.57,1,0,0.98,0,0.15,0.11,0.95,0.91,0.5,0.89,0.29,0.73,0.63,0.44,0.43,0.82,0,0.58,0.11,0.47,0.63,0.17,0.62,0.53,0,0.47,0.99,0.91,0.58,0.99,0.26,0.82,0.62,0.44,0.44,0.83,0
32,0.73,0.35,0.66,0.47,0.57,0.57,1,0,0.98,0,0.15,0.11,0.95,0.91,0.5,0.89,0.29,0.73,0.63,0.44,0.43,0.82,0,0.58,0.11,0.48,0.63,0.17,0.62,0.53,0,0.48,0.99,0.91,0.58,0.99,0.26,0.82,0.62,0.44,0.44,0.83,0
33,0.73,0.35,0.66,0.47,0.57,0.57,1,0,0.98,0,0.15,0.11,0.95,0.91,0.5,0.89,0.29,0.73,0.63,0.44,0.43,0.82,0,0.58,0.11,0.48,0.63,0.17,0.62,0.53,0,0.48,0.99,0.91,0.59,0.99,0.26,0.82,0.62,0.44,0.44,0.83,0
34,0.75,0.35,0.66,0.47,0.57,0.57,1,0,0.98,0,0.14,0.11,0.95,0.91,0.51,0.89,0.29,0.73,0.63,0.44,0.43,0.82,0,0.58,0.11,0.48,0.63,0.16,0.63,0.53,0,0.48,0.99,0.91,0.59,0.99,0.26,0.82,0.62,0.44,0.44,0.83,0
35,0.74,0.35,0.66,0.47,0.57,0.57,1,0,0.98,0,0.14,0.11,0.95,0.91,0.51,0.89,0.29,0.74,0.63,0.44,0.43,0.82,0,0.58,0.1,0.48,0.63,0.16,0.63,0.53,0,0.48,0.99,0.91,0.59,0.99,0.26,0.82,0.62,0.44,0.44,0.83,0
36,0.74,0.35,0.66,0.47,0.57,0.57,1,0,0.98,0,0.14,0.11,0.95,0.91,0.51,0.89,0.29,0.74,0.62,0.44,0.43,0.82,0,0.58,0.1,0.48,0.63,0.16,0.63,0.53,0,0.48,0.99,0.91,0.59,0.99,0.26,0.82,0.62,0.44,0.44,0.83,0
37,0.74,0.35,0.66,0.47,0.57,0.57,1,0,0.98,0,0.14,0.11,0.95,0.91,0.51,0.89,0.29,0.74,0.62,0.44,0.43,0.82,0,0.58,0.1,0.48,0.63,0.16,0.63,0.53,0,0.48,0.99,0.91,0.6,0.99,0.26,0.83,0.62,0.44,0.44,0.83,0
38,0.74,0.35,0.66,0.47,0.57,0.57,1,0,0.98,0,0.14,0.11,0.95,0.91,0.51,0.89,0.29,0.74,0.62,0.44,0.43,0.82,0,0.58,0.1,0.48,0.63,0.16,0.63,0.53,0,0.48,0.99,0.91,0.6,1,0.26,0.83,0.62,0.44,0.44,0.83,0
39,0.74,0.35,0.66,0.47,0.57,0.57,1,0,0.98,0,0.14,0.1,0.95,0.91,0.51,0.89,0.29,0.74,0.62,0.44,0.43,0.82,0,0.58,0.1,0.48,0.63,0.16,0.63,0.53,0,0.48,0.99,0.91,0.6,1,0.26,0.83,0.62,0.44,0.44,0.83,0
40,0.76,0.34,0.66,0.47,0.57,0.57,1,0,0.98,0,0.14,0.1,0.95,0.91,0.52,0.89,0.29,0.74,0.62,0.43,0.43,0.83,0,0.58,0.1,0.48,0.63,0.16,0.63,0.53,0,0.48,0.99,0.91,0.6,1,0.26,0.83,0.62,0.44,0.44,0.83,0
41,0.74,0.35,0.66,0.47,0.57,0.57,1,0,0.98,0,0.14,0.1,0.95,0.91,0.52,0.89,0.29,0.74,0.62,0.43,0.43,0.83,0,0.58,0.1,0.48,0.63,0.15,0.63,0.53,0,0.48,0.99,0.91,0.6,1,0.26,0.83,0.62,0.44,0.44,0.83,0
42,0.74,0.35,0.66,0.47,0.57,0.57,1,0,0.98,0,0.14,0.1,0.95,0.91,0.52,0.89,0.29,0.75,0.62,0.43,0.43,0.83,0,0.58,0.1,0.48,0.63,0.14,0.63,0.53,0,0.48,0.99,0.91,0.6,1,0.26,0.83,0.62,0.44,0.44,0.83,0
43,0.78,0.34,0.66,0.47,0.57,0.57,1,0,0.98,0,0.14,0.1,0.95,0.91,0.52,0.89,0.29,0.74,0.62,0.43,0.43,0.83,0,0.59,0.1,0.48,0.63,0.14,0.63,0.53,0,0.48,0.99,0.91,0.61,1,0.26,0.84,0.62,0.44,0.44,0.83,0
44,0.76,0.35,0.66,0.47,0.57,0.57,1,0,0.98,0,0.14,0.1,0.96,0.91,0.52,0.89,0.29,0.75,0.62,0.43,0.43,0.83,0,0.59,0.1,0.48,0.63,0.14,0.63,0.53,0,0.48,0.99,0.91,0.61,1,0.26,0.84,0.62,0.44,0.44,0.83,0
45,0.75,0.35,0.66,0.47,0.57,0.57,1,0,0.98,0,0.14,0.1,0.96,0.91,0.52,0.89,0.29,0.75,0.62,0.43,0.43,0.83,0,0.59,0.1,0.49,0.63,0.13,0.63,0.53,0,0.49,0.99,0.91,0.61,1,0.26,0.84,0.62,0.44,0.44,0.83,0
46,0.75,0.35,0.66,0.47,0.57,0.57,1,0,0.98,0,0.14,0.1,0.96,0.91,0.52,0.89,0.29,0.75,0.62,0.43,0.43,0.83,0,0.59,0.1,0.49,0.63,0.13,0.63,0.53,0,0.49,0.99,0.91,0.61,1,0.27,0.84,0.62,0.44,0.45,0.83,0
47,0.75,0.35,0.66,0.47,0.57,0.57,1,0,0.98,0,0.14,0.1,0.96,0.91,0.52,0.89,0.29,0.75,0.62,0.43,0.43,0.83,0,0.59,0.1,0.49,0.63,0.13,0.63,0.53,0,0.49,0.99,0.91,0.61,1,0.27,0.84,0.62,0.44,0.45,0.83,0
48,0.75,0.35,0.66,0.47,0.57,0.57,1,0,0.98,0,0.14,0.1,0.96,0.91,0.53,0.89,0.29,0.75,0.62,0.43,0.43,0.83,0,0.59,0.1,0.49,0.63,0.13,0.63,0.53,0,0.49,0.99,0.91,0.61,1,0.27,0.84,0.62,0.44,0.45,0.83,0
49,0.79,0.35,0.66,0.47,0.57,0.57,1,0,0.98,0,0.14,0.1,0.96,0.91,0.53,0.89,0.3,0.75,0.62,0.43,0.43,0.83,0,0.59,0.1,0.49,0.63,0.13,0.63,0.53,0,0.49,0.99,0.91,0.61,1,0.27,0.84,0.62,0.44,0.45,0.83,0
50,0.79,0.35,0.66,0.47,0.57,0.58,1,0,0.98,0,0.14,0.1,0.96,0.91,0.53,0.89,0.3,0.75,0.62,0.43,0.43,0.83,0,0.59,0.1,0.49,0.63,0.13,0.63,0.53,0,0.49,1,0.91,0.62,1,0.27,0.84,0.62,0.44,0.45,0.83,0
51,0.75,0.35,0.66,0.47,0.57,0.58,1,0,0.98,0,0.13,0.1,0.96,0.91,0.53,0.89,0.3,0.75,0.62,0.43,0.43,0.83,0,0.59,0.1,0.49,0.63,0.13,0.63,0.53,0,0.49,1,0.91,0.62,1,0.27,0.85,0.62,0.44,0.45,0.83,0
52,0.75,0.35,0.66,0.47,0.57,0.58,1,0,0.98,0,0.14,0.1,0.96,0.91,0.53,0.89,0.3,0.76,0.62,0.43,0.43,0.83,0,0.59,0.1,0.49,0.63,0.13,0.63,0.53,0,0.49,1,0.91,0.62,1,0.27,0.85,0.62,0.44,0.45,0.83,0
53,0.75,0.35,0.66,0.47,0.57,0.58,1,0,0.98,0,0.14,0.1,0.96,0.91,0.53,0.89,0.3,0.76,0.62,0.43,0.43,0.83,0,0.59,0.1,0.49,0.63,0.13,0.63,0.53,0,0.49,1,0.91,0.62,1,0.27,0.85,0.62,0.44,0.45,0.83,0
54,0.75,0.35,0.66,0.47,0.57,0.58,1,0,0.98,0,0.13,0.1,0.96,0.91,0.53,0.89,0.3,0.76,0.62,0.43,0.43,0.83,0,0.59,0.1,0.49,0.63,0.13,0.63,0.54,0,0.49,1,0.91,0.62,1,0.27,0.85,0.62,0.44,0.45,0.83,0
55,0.75,0.35,0.66,0.47,0.57,0.58,1,0,0.98,0,0.13,0.1,0.96,0.91,0.53,0.89,0.3,0.76,0.62,0.43,0.43,0.83,0,0.59,0.1,0.49,0.63,0.12,0.63,0.54,0,0.49,1,0.91,0.62,1,0.27,0.85,0.62,0.43,0.45,0.83,0
56,0.75,0.35,0.66,0.47,0.57,0.58,1,0,0.98,0,0.13,0.1,0.96,0.91,0.53,0.89,0.3,0.76,0.62,0.43,0.43,0.83,0,0.59,0.1,0.49,0.63,0.12,0.63,0.54,0,0.49,1,0.91,0.62,1,0.27,0.85,0.62,0.43,0.45,0.83,0
57,0.78,0.35,0.66,0.47,0.57,0.58,1,0,0.98,0,0.13,0.1,0.96,0.91,0.53,0.89,0.3,0.76,0.62,0.43,0.43,0.83,0,0.59,0.1,0.49,0.63,0.12,0.63,0.54,0,0.49,1,0.91,0.62,1,0.27,0.85,0.62,0.44,0.45,0.83,0
58,0.75,0.35,0.66,0.47,0.57,0.58,1,0,0.98,0,0.13,0.1,0.96,0.91,0.53,0.89,0.3,0.76,0.62,0.43,0.43,0.83,0,0.59,0.1,0.49,0.63,0.12,0.63,0.54,0,0.49,1,0.91,0.63,1,0.27,0.85,0.62,0.43,0.45,0.83,0
59,0.75,0.35,0.66,0.47,0.57,0.58,1,0,0.98,0,0.13,0.1,0.96,0.91,0.54,0.89,0.3,0.76,0.62,0.43,0.43,0.83,0,0.59,0.1,0.49,0.63,0.12,0.63,0.54,0,0.49,1,0.91,0.63,1,0.27,0.85,0.62,0.43,0.45,0.83,0
60,0.75,0.35,0.66,0.47,0.57,0.58,1,0,0.98,0,0.13,0.1,0.96,0.91,0.53,0.89,0.3,0.76,0.62,0.43,0.43,0.83,0,0.59,0.1,0.49,0.63,0.12,0.63,0.54,0,0.49,1,0.91,0.63,1,0.27,0.86,0.62,0.43,0.45,0.83,0
61,0.75,0.35,0.66,0.47,0.57,0.58,1,0,0.98,0,0.13,0.1,0.96,0.91,0.54,0.89,0.3,0.76,0.62,0.43,0.43,0.83,0,0.59,0.1,0.49,0.63,0.12,0.63,0.54,0,0.49,1,0.91,0.63,1,0.27,0.86,0.62,0.43,0.45,0.83,0
62,0.76,0.35,0.66,0.47,0.57,0.58,1,0,0.98,0,0.13,0.1,0.96,0.91,0.54,0.89,0.3,0.76,0.62,0.43,0.43,0.83,0,0.59,0.1,0.49,0.63,0.12,0.63,0.54,0,0.49,1,0.91,0.63,1,0.27,0.86,0.62,0.43,0.45,0.83,0
63,0.75,0.35,0.66,0.47,0.57,0.58,1,0,0.98,0,0.13,0.1,0.96,0.91,0.54,0.89,0.3,0.76,0.62,0.43,0.43,0.83,0,0.59,0.1,0.49,0.63,0.12,0.63,0.54,0,0.49,1,0.91,0.63,1,0.27,0.86,0.62,0.43,0.45,0.83,0
64,0.77,0.35,0.66,0.47,0.57,0.58,1,0,0.98,0,0.13,0.1,0.96,0.91,0.54,0.89,0.3,0.76,0.62,0.43,0.43,0.83,0,0.59,0.1,0.49,0.63,0.12,0.63,0.54,0,0.49,1,0.91,0.63,1,0.27,0.86,0.62,0.43,0.45,0.83,0
65,0.75,0.35,0.66,0.47,0.57,0.58,1,0,0.98,0,0.13,0.1,0.96,0.91,0.54,0.89,0.3,0.76,0.62,0.43,0.43,0.83,0,0.59,0.1,0.49,0.63,0.12,0.63,0.54,0,0.49,1,0.91,0.63,1,0.27,0.86,0.62,0.43,0.45,0.83,0
66,0.75,0.34,0.66,0.47,0.57,0.58,1,0,0.98,0,0.13,0.1,0.96,0.91,0.54,0.89,0.3,0.77,0.62,0.43,0.43,0.83,0,0.59,0.1,0.49,0.63,0.12,0.63,0.54,0,0.49,1,0.91,0.63,1,0.27,0.86,0.62,0.43,0.45,0.83,0
67,0.75,0.35,0.66,0.47,0.57,0.58,1,0,0.98,0,0.13,0.1,0.96,0.91,0.54,0.89,0.3,0.77,0.62,0.43,0.43,0.83,0,0.59,0.1,0.49,0.63,0.12,0.63,0.54,0,0.49,1,0.91,0.63,1,0.27,0.86,0.62,0.43,0.45,0.83,0
68,0.75,0.35,0.66,0.47,0.57,0.58,1,0,0.98,0,0.13,0.1,0.96,0.91,0.54,0.89,0.3,0.77,0.62,0.43,0.43,0.83,0,0.59,0.1,0.49,0.63,0.12,0.63,0.54,0,0.49,1,0.91,0.63,1,0.27,0.86,0.62,0.43,0.45,0.83,0
69,0.75,0.35,0.66,0.47,0.57,0.58,1,0,0.98,0,0.13,0.1,0.96,0.91,0.54,0.89,0.3,0.77,0.62,0.42,0.43,0.83,0,0.59,0.1,0.49,0.63,0.11,0.63,0.54,0,0.49,1,0.91,0.63,1,0.27,0.86,0.62,0.43,0.45,0.83,0
70,0.75,0.35,0.66,0.47,0.57,0.58,1,0,0.98,0,0.13,0.1,0.96,0.91,0.54,0.89,0.3,0.77,0.62,0.42,0.43,0.83,0,0.59,0.1,0.49,0.63,0.11,0.63,0.54,0,0.49,1,0.91,0.64,1,0.27,0.86,0.62,0.43,0.45,0.83,0
71,0.75,0.34,0.66,0.47,0.57,0.58,1,0,0.98,0,0.13,0.1,0.96,0.91,0.54,0.89,0.3,0.77,0.62,0.42,0.43,0.83,0,0.59,0.1,0.49,0.63,0.11,0.63,0.54,0,0.49,1,0.91,0.64,1,0.27,0.86,0.62,0.43,0.45,0.83,0
72,0.75,0.35,0.66,0.47,0.57,0.58,1,0,0.98,0,0.13,0.1,0.96,0.91,0.54,0.89,0.3,0.77,0.62,0.42,0.43,0.83,0,0.59,0.1,0.49,0.63,0.11,0.63,0.54,0,0.49,1,0.91,0.64,1,0.27,0.87,0.62,0.43,0.45,0.83,0
73,0.75,0.35,0.66,0.47,0.57,0.58,1,0,0.98,0,0.13,0.1,0.96,0.91,0.54,0.89,0.3,0.77,0.62,0.42,0.43,0.83,0,0.59,0.1,0.49,0.63,0.11,0.63,0.54,0,0.49,1,0.91,0.64,1,0.27,0.87,0.62,0.43,0.45,0.83,0
74,0.75,0.35,0.66,0.47,0.57,0.58,1,0,0.98,0,0.13,0.1,0.96,0.91,0.54,0.89,0.3,0.77,0.62,0.42,0.43,0.83,0,0.59,0.1,0.49,0.63,0.11,0.63,0.54,0,0.49,1,0.91,0.64,1,0.28,0.87,0.62,0.43,0.45,0.83,0
75,0.75,0.35,0.66,0.47,0.57,0.58,1,0,0.98,0,0.13,0.1,0.96,0.91,0.54,0.89,0.3,0.77,0.62,0.42,0.43,0.83,0,0.59,0.1,0.49,0.63,0.11,0.63,0.54,0,0.49,1,0.91,0.64,1,0.28,0.87,0.62,0.43,0.45,0.83,0
76,0.75,0.35,0.66,0.47,0.57,0.58,1,0,0.98,0,0.13,0.1,0.96,0.91,0.54,0.89,0.3,0.77,0.62,0.42,0.43,0.83,0,0.59,0.1,0.49,0.63,0.11,0.63,0.54,0,0.49,1,0.91,0.64,1,0.28,0.87,0.62,0.43,0.45,0.83,0
77,0.8,0.35,0.66,0.47,0.57,0.58,1,0,0.98,0,0.13,0.1,0.96,0.91,0.54,0.89,0.3,0.77,0.62,0.42,0.43,0.83,0,0.59,0.1,0.49,0.63,0.11,0.63,0.54,0,0.49,1,0.91,0.64,1,0.28,0.87,0.62,0.43,0.45,0.83,0
78,0.75,0.35,0.66,0.47,0.57,0.58,1,0,0.98,0,0.13,0.1,0.96,0.91,0.54,0.89,0.3,0.77,0.62,0.42,0.43,0.83,0,0.59,0.1,0.49,0.63,0.11,0.63,0.54,0,0.49,1,0.91,0.64,1,0.28,0.87,0.62,0.43,0.45,0.83,0
79,0.75,0.35,0.66,0.47,0.57,0.58,1,0,0.98,0,0.13,0.1,0.96,0.91,0.54,0.89,0.3,0.77,0.62,0.42,0.43,0.83,0,0.59,0.1,0.49,0.63,0.11,0.63,0.54,0,0.49,1,0.91,0.64,1,0.28,0.87,0.62,0.43,0.45,0.83,0
80,0.75,0.35,0.66,0.47,0.57,0.58,1,0,0.98,0,0.13,0.1,0.96,0.91,0.54,0.89,0.3,0.77,0.62,0.42,0.43,0.83,0,0.59,0.1,0.49,0.63,0.11,0.63,0.54,0,0.49,1,0.91,0.64,1,0.28,0.87,0.62,0.43,0.45,0.83,0
81,0.75,0,0.66,0.47,0.57,0.58,1,0,0.98,0,0.13,0.1,0.96,0.91,0.55,0.89,0.31,0.77,0.62,0.42,0.43,0.83,0,0.59,0.1,0.49,0.63,0.11,0.63,0.54,0,0.49,1,0.91,0.64,1,0.28,0.87,0.62,0.43,0.45,0.83,0
82,0.75,0.35,0.66,0.47,0.57,0.58,1,0,0.98,0,0.13,0.1,0.96,0.91,0.55,0.89,0.31,0.77,0.62,0.42,0.43,0.83,0,0.59,0.1,0.49,0.63,0.11,0.63,0.54,0,0.49,1,0.91,0.64,1,0.28,0.87,0.62,0.43,0.45,0.83,0
83,0.75,0,0.66,0.47,0.57,0.58,1,0,0.98,0,0.13,0.1,0.96,0.91,0.54,0.89,0.31,0.77,0.62,0.42,0.43,0.83,0,0.59,0.1,0.49,0.63,0.11,0.63,0.54,0,0.49,1,0.91,0.64,1,0.28,0.87,0.62,0.43,0.45,0.83,0
84,0.75,0.34,0.66,0.47,0.57,0.58,1,0,0.98,0,0.13,0.1,0.96,0.91,0.55,0.89,0.31,0.77,0.62,0.42,0.43,0.83,0,0.59,0.1,0.49,0.63,0.11,0.63,0.54,0,0.49,1,0.91,0.64,1,0.28,0.87,0.62,0.43,0.45,0.83,0
85,0.75,0.35,0.66,0.47,0.57,0.58,1,0,0.98,0,0.13,0.1,0.96,0.91,0.55,0.89,0.31,0.77,0.62,0.42,0.43,0.83,0,0.59,0.1,0.49,0.63,0.11,0.63,0.54,0,0.49,1,0.91,0.64,1,0.28,0.87,0.62,0.43,0.45,0.83,0
86,0.75,0.35,0.66,0.47,0.57,0.58,1,0,0.98,0,0.13,0.1,0.96,0.91,0.55,0.89,0.31,0.77,0.62,0.42,0.43,0.83,0,0.59,0.1,0.49,0.63,0.11,0.63,0.54,0,0.49,1,0.91,0.64,1,0.28,0.87,0.62,0.43,0.45,0.83,0
87,0.75,0.35,0.66,0.47,0.57,0.58,1,0,0.98,0,0.13,0.1,0.96,0.91,0.55,0.89,0.31,0.77,0.62,0.42,0.43,0.83,0,0.59,0.1,0.49,0.63,0.11,0.63,0.54,0,0.49,1,0.91,0.64,1,0.28,0.87,0.62,0.43,0.45,0.83,0
88,0.75,0.35,0.66,0.47,0.58,0.58,1,0,0.98,0,0.13,0.1,0.96,0.91,0.55,0.89,0.31,0.77,0.62,0.42,0.43,0.83,0,0.59,0.1,0.49,0.63,0.11,0.63,0.54,0,0.49,1,0.91,0.64,1,0.28,0.87,0.62,0.43,0.45,0.83,0
89,0.75,0.35,0.66,0.47,0.58,0.58,1,0,0.98,0,0.13,0.1,0.96,0.91,0.55,0.89,0.31,0.77,0.62,0.42,0.43,0.83,0,0.59,0.1,0.49,0.63,0.11,0.63,0.54,0,0.49,1,0.91,0.64,1,0.28,0.87,0.62,0.43,0.45,0.83,0
90,0.75,0.35,0.66,0.47,0.58,0.58,1,0,0.98,0,0.13,0.1,0.96,0.91,0.55,0.89,0.31,0.77,0.62,0.42,0.43,0.83,0,0.59,0.1,0.49,0.63,0.11,0.63,0.54,0,0.49,1,0.91,0.64,1,0.28,0.87,0.62,0.43,0.45,0.83,0
91,0.78,0.35,0.66,0.47,0.58,0.58,1,0,0.98,0,0.13,0.1,0.96,0.91,0.55,0.9,0.31,0.77,0.62,0.42,0.43,0.83,0,0.59,0.1,0.49,0.63,0.11,0.63,0.54,0,0.49,1,0.91,0.64,1,0.28,0.87,0.62,0.43,0.45,0.83,0
92,0.75,0.35,0.66,0.47,0.58,0.58,1,0,0.98,0,0.13,0.1,0.96,0.91,0.55,0.89,0.31,0.77,0.62,0.42,0.43,0.83,0,0.59,0.1,0.49,0.63,0.11,0.63,0.54,0,0.49,1,0.91,0.64,1,0.28,0.87,0.62,0.43,0.45,0.83,0
93,0.77,0.32,0.66,0.47,0.58,0.58,1,0,0.98,0,0.13,0.1,0.96,0.91,0.55,0.9,0.31,0.77,0.62,0.42,0.43,0.83,0,0.59,0.1,0.49,0.63,0.11,0.63,0.54,0,0.49,1,0.91,0.64,1,0.28,0.87,0.62,0.43,0.45,0.83,0
94,0.75,0.35,0.66,0.47,0.58,0.58,1,0,0.98,0,0.13,0.1,0.96,0.91,0.55,0.9,0.31,0.77,0.62,0.42,0.43,0.83,0,0.59,0.1,0.49,0.63,0.11,0.63,0.54,0,0.49,1,0.91,0.64,1,0.28,0.87,0.61,0.43,0.45,0.83,0
95,0.75,0.35,0.66,0.47,0.58,0.58,1,0,0.98,0,0.13,0.1,0.96,0.91,0.55,0.9,0.31,0.77,0.62,0.42,0.43,0.83,0,0.59,0.1,0.49,0.63,0.11,0.63,0.54,0,0.49,1,0.91,0.65,1,0.28,0.87,0.61,0.43,0.45,0.83,0
96,0.75,0.35,0.66,0.47,0.58,0.58,1,0,0.98,0,0.13,0.1,0.96,0.91,0.55,0.89,0.31,0.77,0.62,0.42,0.43,0.83,0,0.59,0.1,0.49,0.63,0.11,0.63,0.54,0,0.49,1,0.91,0.65,1,0.28,0.87,0.61,0.43,0.45,0.83,0
97,0.75,0.35,0.66,0.47,0.58,0.58,1,0,0.98,0,0.13,0.1,0.96,0.91,0.55,0.9,0.31,0.77,0.62,0.42,0.43,0.83,0,0.59,0.1,0.49,0.63,0.11,0.63,0.54,0,0.49,1,0.91,0.65,1,0.28,0.87,0.61,0.43,0.45,0.83,0
98,0.75,0.35,0.66,0.47,0.58,0.58,1,0,0.98,0,0.13,0.1,0.96,0.91,0.55,0.89,0.31,0.77,0.62,0.42,0.43,0.83,0,0.59,0.1,0.49,0.63,0.11,0.63,0.54,0,0.49,1,0.91,0.65,1,0.28,0.87,0.61,0.43,0.45,0.83,0
99,0.75,0.34,0.66,0.47,0.58,0.58,1,0,0.98,0,0.13,0.1,0.96,0.91,0.55,0.89,0.31,0.77,0.62,0.42,0.43,0.83,0,0.59,0.1,0.49,0.63,0.11,0.63,0.54,0,0.49,1,0.91,0.65,1,0.28,0.87,0.61,0.43,0.45,0.83,0
100,0.75,0.35,0.66,0.47,0.58,0.58,1,0,0.98,0,0.13,0.1,0.96,0.91,0.55,0.9,0.31,0.77,0.62,0.42,0.43,0.83,0,0.59,0.1,0.49,0.63,0.11,0.63,0.54,0,0.49,1,0.91,0.65,1,0.28,0.87,0.61,0.43,0.45,0.83,0
101,0.76,0.35,0.66,0.47,0.58,0.58,1,0,0.98,0,0.13,0.1,0.96,0.91,0.55,0.89,0.31,0.77,0.62,0.42,0.43,0.83,0,0.59,0.1,0.49,0.63,0.11,0.63,0.54,0,0.49,1,0.91,0.65,1,0.28,0.87,0.61,0.43,0.45,0.83,0
102,0.75,0.35,0.66,0.47,0.58,0.58,1,0,0.98,0,0.13,0.1,0.96,0.91,0.55,0.89,0.31,0.77,0.62,0.42,0.43,0.83,0,0.59,0.1,0.49,0.63,0.11,0.63,0.54,0,0.49,1,0.91,0.65,1,0.28,0.87,0.61,0.43,0.45,0.83,0
103,0.75,0.35,0.66,0.47,0.58,0.58,1,0,0.98,0,0.13,0.1,0.96,0.91,0.55,0.9,0.31,0.78,0.61,0.42,0.43,0.83,0,0.59,0.1,0.49,0.63,0.11,0.63,0.54,0,0.49,1,0.91,0.65,1,0.28,0.87,0.61,0.43,0.45,0.83,0
104,0.75,0.35,0.66,0.47,0.58,0.58,1,0,0.98,0,0.13,0.1,0.96,0.91,0.55,0.9,0.31,0.78,0.61,0.42,0.43,0.83,0,0.59,0.1,0.49,0.63,0.11,0.63,0.54,0,0.49,1,0.91,0.65,1,0.28,0.87,0.61,0.43,0.45,0.83,0
105,0.75,0.35,0.66,0.47,0.58,0.58,1,0,0.98,0,0.13,0.1,0.96,0.91,0.55,0.9,0.31,0.78,0.61,0.42,0.43,0.83,0,0.59,0.1,0.49,0.63,0.11,0.63,0.54,0,0.49,1,0.91,0.65,1,0.28,0.88,0.61,0.43,0.45,0.83,0
106,0.75,0.35,0.66,0.47,0.58,0.58,1,0,0.98,0,0.13,0.1,0.96,0.91,0.55,0.9,0.31,0.78,0.61,0.42,0.43,0.83,0,0.59,0.1,0.49,0.63,0.11,0.63,0.54,0,0.49,1,0.91,0.65,1,0.28,0.88,0.61,0.43,0.45,0.83,0
107,0.76,0.34,0.66,0.47,0.58,0.58,1,0,0.98,0,0.13,0.1,0.96,0.91,0.55,0.9,0.31,0.78,0.61,0.42,0.43,0.83,0,0.59,0.1,0.49,0.63,0.11,0.63,0.54,0,0.49,1,0.91,0.65,1,0.28,0.88,0.61,0.43,0.45,0.83,0
108,0.75,0,0.66,0.47,0.58,0.58,1,0,0.98,0,0.13,0.1,0.96,0.91,0.55,0.9,0.31,0.78,0.61,0.42,0.43,0.83,0,0.59,0.1,0.49,0.63,0.11,0.63,0.54,0,0.49,1,0.91,0.65,1,0.28,0.88,0.61,0.43,0.45,0.83,0
109,0.75,0.35,0.66,0.47,0.58,0.58,1,0,0.98,0,0.13,0.1,0.96,0.91,0.55,0.9,0.31,0.78,0.61,0.42,0.43,0.83,0,0.59,0.1,0.49,0.63,0.11,0.63,0.54,0,0.49,1,0.91,0.65,1,0.28,0.88,0.61,0.43,0.45,0.83,0
110,0.75,0.35,0.66,0.47,0.58,0.58,1,0,0.98,0,0.13,0.1,0.96,0.91,0.55,0.9,0.31,0.78,0.61,0.42,0.43,0.83,0,0.59,0.1,0.49,0.63,0.11,0.63,0.54,0,0.49,1,0.91,0.65,1,0.28,0.88,0.61,0.43,0.45,0.83,0
111,0.75,0.35,0.66,0.47,0.58,0.58,1,0,0.98,0,0.13,0.1,0.96,0.91,0.55,0.9,0.31,0.78,0.61,0.42,0.43,0.83,0,0.59,0.1,0.49,0.63,0.11,0.63,0.54,0,0.49,1,0.91,0.65,1,0.29,0.88,0.61,0.43,0.45,0.83,0
112,0.75,0.35,0.66,0.47,0.58,0.58,1,0,0.98,0,0.13,0.1,0.96,0.91,0.55,0.9,0.31,0.78,0.61,0.42,0.43,0.83,0,0.59,0.1,0.49,0.63,0.11,0.63,0.54,0,0.49,1,0.91,0.65,1,0.29,0.88,0.61,0.43,0.45,0.83,0
113,0.78,0.35,0.66,0.47,0.58,0.58,1,0,0.98,0,0.13,0.1,0.96,0.91,0.55,0.9,0.31,0.78,0.61,0.42,0.43,0.83,0,0.59,0.1,0.49,0.63,0.11,0.63,0.54,0,0.49,1,0.91,0.65,1,0.29,0.88,0.61,0.42,0.45,0.83,0
114,0.75,0.35,0.66,0.47,0.58,0.58,1,0,0.98,0,0.13,0.1,0.96,0.91,0.55,0.9,0.31,0.78,0.61,0.42,0.43,0.83,0,0.59,0.1,0.49,0.63,0.11,0.63,0.54,0,0.49,1,0.91,0.65,1,0.29,0.88,0.61,0.42,0.45,0.83,0
115,0.75,0.35,0.66,0.47,0.58,0.58,1,0,0.98,0,0.13,0.1,0.96,0.91,0.55,0.9,0.31,0.78,0.61,0.42,0.43,0.83,0,0.59,0.1,0.49,0.63,0.11,0.63,0.54,0,0.49,1,0.91,0.65,1,0.29,0.88,0.61,0.42,0.45,0.83,0
116,0.75,0.35,0.66,0.47,0.58,0.58,1,0,0.98,0,0.13,0.1,0.96,0.91,0.55,0.9,0.31,0.78,0.61,0.42,0.43,0.83,0,0.59,0.1,0.49,0.63,0.11,0.63,0.54,0,0.49,1,0.91,0.65,1,0.29,0.88,0.61,0.42,0.45,0.83,0
117,0.76,0.34,0.66,0.47,0.58,0.58,1,0,0.98,0,0.13,0.1,0.96,0.91,0.55,0.9,0.31,0.78,0.61,0.42,0.43,0.83,0,0.59,0.1,0.49,0.63,0.11,0.63,0.54,0,0.49,1,0.91,0.65,1,0.29,0.88,0.61,0.42,0.45,0.83,0
118,0.76,0.35,0.66,0.47,0.58,0.58,1,0,0.98,0,0.13,0.1,0.96,0.91,0.55,0.9,0.31,0.78,0.61,0.42,0.43,0.83,0,0.59,0.1,0.49,0.63,0.11,0.63,0.54,0,0.49,1,0.91,0.65,1,0.29,0.88,0.61,0.42,0.45,0.83,0
119,0.75,0.35,0.66,0.47,0.58,0.58,1,0,0.98,0,0.13,0.1,0.96,0.91,0.55,0.9,0.31,0.78,0.61,0.42,0.43,0.83,0,0.59,0.1,0.49,0.63,0.11,0.63,0.54,0,0.49,1,0.91,0.65,1,0.29,0.88,0.61,0.42,0.45,0.83,0
120,0.75,0,0.66,0.47,0.58,0.58,1,0,0.98,0,0.13,0.1,0.96,0.91,0.55,0.9,0.31,0.78,0.61,0.42,0.43,0.83,0,0.59,0.1,0.49,0.63,0.11,0.63,0.54,0,0.49,1,0.91,0.65,1,0.29,0.88,0.61,0.42,0.45,0.83,0
121,0.75,0.35,0.66,0.47,0.58,0.58,1,0,0.98,0,0.13,0.1,0.96,0.91,0.55,0.9,0.31,0.78,0.61,0.42,0.43,0.83,0,0.59,0.1,0.49,0.63,0.11,0.63,0.54,0,0.49,1,0.91,0.65,1,0.29,0.88,0.61,0.42,0.45,0.83,0
122,0.75,0.35,0.66,0.47,0.58,0.58,1,0,0.98,0,0.13,0.1,0.96,0.91,0.55,0.9,0.31,0.78,0.61,0.42,0.43,0.83,0,0.59,0.1,0.49,0.63,0.11,0.63,0.54,0,0.49,1,0.91,0.65,1,0.29,0.88,0.61,0.42,0.45,0.83,0
123,0.75,0.35,0.66,0.47,0.58,0.58,1,0,0.98,0,0.13,0.1,0.96,0.91,0.55,0.9,0.31,0.78,0.61,0.42,0.43,0.83,0,0.59,0.1,0.49,0.63,0.11,0.63,0.54,0,0.49,1,0.91,0.65,1,0.29,0.88,0.61,0.42,0.45,0.83,0
124,0.75,0.35,0.66,0.47,0.58,0.58,1,0,0.98,0,0.13,0.1,0.96,0.91,0.55,0.9,0.32,0.78,0.61,0.41,0.43,0.83,0,0.59,0.1,0.5,0.63,0.11,0.63,0.54,0,0.5,1,0.91,0.65,1,0.29,0.88,0.61,0.42,0.45,0.83,0
125,0.75,0.35,0.66,0.47,0.58,0.58,1,0,0.98,0,0.13,0.1,0.96,0.91,0.55,0.9,0.31,0.78,0.61,0.41,0.43,0.83,0,0.59,0.1,0.5,0.63,0.11,0.63,0.54,0,0.5,1,0.91,0.65,1,0.29,0.88,0.61,0.42,0.45,0.83,0
126,0.75,0.35,0.66,0.47,0.58,0.58,1,0,0.98,0,0.13,0.1,0.96,0.91,0.55,0.9,0.32,0.78,0.61,0.41,0.43,0.83,0,0.59,0.1,0.5,0.63,0.11,0.63,0.54,0,0.5,1,0.91,0.65,1,0.29,0.88,0.61,0.42,0.45,0.83,0
127,0.75,0.35,0.66,0.47,0.58,0.58,1,0,0.98,0,0.13,0.1,0.96,0.91,0.55,0.9,0.32,0.78,0.61,0.41,0.43,0.83,0,0.59,0.1,0.5,0.63,0.11,0.63,0.54,0,0.5,1,0.91,0.65,1,0.29,0.88,0.61,0.42,0.45,0.83,0
128,0.75,0.34,0.66,0.47,0.58,0.58,1,0,0.98,0,0.13,0.1,0.96,0.91,0.55,0.9,0.32,0.78,0.61,0.41,0.43,0.83,0,0.59,0.1,0.5,0.63,0.11,0.63,0.54,0,0.5,1,0.91,0.65,1,0.29,0.88,0.61,0.42,0.45,0.83,0
129,0.75,0.35,0.66,0.47,0.58,0.58,1,0,0.98,0,0.13,0.1,0.96,0.91,0.55,0.9,0.32,0.78,0.61,0.41,0.43,0.83,0,0.59,0.1,0.5,0.63,0.11,0.63,0.54,0,0.5,1,0.91,0.65,1,0.29,0.88,0.61,0.42,0.45,0.83,0
130,0.75,0.33,0.66,0.47,0.58,0.58,1,0,0.98,0,0.13,0.1,0.96,0.91,0.55,0.9,0.32,0.78,0.61,0.41,0.43,0.83,0,0.59,0.1,0.5,0.63,0.11,0.63,0.54,0,0.5,1,0.91,0.65,1,0.29,0.88,0.61,0.42,0.45,0.83,0
131,0.75,0.35,0.66,0.47,0.58,0.58,1,0,0.98,0,0.13,0.1,0.96,0.91,0.56,0.9,0.32,0.78,0.61,0.41,0.43,0.83,0,0.59,0.1,0.5,0.63,0.11,0.63,0.54,0,0.5,1,0.91,0.65,1,0.29,0.88,0.61,0.42,0.45,0.83,0
132,0.75,0,0.66,0.47,0.58,0.58,1,0,0.98,0,0.13,0.1,0.96,0.91,0.55,0.9,0.32,0.78,0.61,0.41,0.43,0.83,0,0.59,0.1,0.49,0.63,0.11,0.63,0.51,0,0.49,1,0.91,0.65,1,0.29,0.88,0.61,0.42,0.45,0.83,0
133,0.75,0.35,0.66,0.47,0.58,0.58,1,0,0.98,0,0.13,0.1,0.96,0.91,0.55,0.9,0.32,0.78,0.61,0.41,0.43,0.83,0,0.59,0.1,0.5,0.63,0.11,0.63,0.54,0,0.5,1,0.91,0.65,1,0.29,0.88,0.61,0.42,0.45,0.83,0
134,0.76,0.35,0.66,0.47,0.58,0.58,1,0,0.98,0,0.13,0.1,0.96,0.91,0.56,0.9,0.32,0.78,0.61,0.41,0.43,0.83,0,0.59,0.1,0.5,0.63,0.11,0.63,0.54,0,0.5,1,0.91,0.65,1,0.29,0.88,0.61,0.42,0.45,0.83,0
135,0.75,0.35,0.66,0.47,0.58,0.58,1,0,0.98,0,0.13,0.1,0.96,0.91,0.56,0.9,0.32,0.78,0.61,0.41,0.43,0.83,0,0.59,0.1,0.5,0.63,0.11,0.63,0.54,0,0.5,1,0.91,0.65,1,0.29,0.88,0.61,0.42,0.45,0.83,0
136,0.75,0.34,0.66,0.47,0.58,0.58,1,0,0.98,0,0.13,0.1,0.96,0.91,0.56,0.9,0.32,0.78,0.61,0.41,0.43,0.83,0,0.59,0.1,0.5,0.63,0.11,0.63,0.54,0,0.5,1,0.91,0.65,1,0.29,0.88,0.61,0.42,0.45,0.83,0
137,0.75,0.35,0.66,0.47,0.58,0.58,1,0,0.98,0,0.13,0.1,0.96,0.91,0.56,0.9,0.32,0.78,0.61,0.41,0.43,0.83,0,0.59,0.1,0.5,0.63,0.11,0.63,0.54,0,0.5,1,0.91,0.65,1,0.29,0.88,0.61,0.42,0.45,0.83,0
138,0.75,0.35,0.66,0.47,0.58,0.58,1,0,0.98,0,0.13,0.1,0.96,0.91,0.56,0.9,0.32,0.78,0.61,0.41,0.43,0.83,0,0.59,0.1,0.5,0.63,0.11,0.63,0.54,0,0.5,1,0.91,0.65,1,0.29,0.88,0.61,0.42,0.45,0.83,0
139,0.75,0.35,0.66,0.47,0.58,0.58,1,0,0.98,0,0.13,0.1,0.96,0.91,0.56,0.9,0.32,0.78,0.61,0.41,0.43,0.83,0,0.59,0.1,0.5,0.63,0.11,0.63,0.54,0,0.5,1,0.91,0.65,1,0.29,0.88,0.61,0.42,0.45,0.83,0
140,0.75,0.35,0.66,0.47,0.58,0.58,1,0,0.98,0,0.13,0.1,0.96,0.91,0.55,0.9,0.32,0.78,0.61,0.41,0.43,0.83,0,0.59,0.1,0.5,0.63,0.11,0.63,0.54,0,0.5,1,0.91,0.65,1,0.29,0.88,0.61,0.42,0.45,0.83,0
141,0.75,0.35,0.66,0.47,0.58,0.58,1,0,0.98,0,0.13,0.1,0.96,0.91,0.55,0.9,0.32,0.78,0.61,0.41,0.43,0.83,0,0.59,0.1,0.5,0.63,0.11,0.63,0.54,0,0.5,1,0.91,0.65,1,0.29,0.88,0.61,0.42,0.45,0.83,0
142,0.75,0.35,0.66,0.47,0.58,0.58,1,0,0.98,0,0.13,0.1,0.96,0.91,0.55,0.9,0.32,0.79,0.61,0.41,0.43,0.83,0,0.59,0.1,0.5,0.64,0.11,0.63,0.54,0,0.5,1,0.91,0.65,1,0.29,0.88,0.61,0.42,0.45,0.83,0
143,0.75,0.35,0.66,0.47,0.58,0.58,1,0,0.98,0,0.13,0.1,0.96,0.91,0.55,0.9,0.32,0.78,0.61,0.41,0.43,0.83,0,0.59,0.1,0.5,0.64,0.11,0.63,0.54,0,0.5,1,0.91,0.65,1,0.29,0.88,0.61,0.42,0.45,0.83,0
144,0.77,0.35,0.66,0.47,0.58,0.58,1,0,0.98,0,0.13,0.1,0.96,0.91,0.55,0.9,0.32,0.78,0.61,0.41,0.43,0.83,0,0.59,0.1,0.5,0.64,0.11,0.63,0.54,0,0.5,1,0.91,0.65,1,0.29,0.88,0.61,0.42,0.45,0.83,0
145,0.76,0.35,0.66,0.47,0.58,0.58,1,0,0.98,0,0.13,0.1,0.96,0.91,0.56,0.9,0.32,0.78,0.61,0.41,0.43,0.83,0,0.59,0.1,0.5,0.64,0.11,0.63,0.54,0,0.5,1,0.91,0.65,1,0.29,0.88,0.61,0.42,0.45,0.83,0
146,0.77,0.35,0.66,0.47,0.58,0.58,1,0,0.98,0,0.13,0.1,0.96,0.91,0.56,0.9,0.32,0.78,0.61,0.41,0.43,0.83,0,0.59,0.1,0.5,0.64,0.11,0.63,0.54,0,0.5,1,0.91,0.65,1,0.29,0.88,0.61,0.42,0.45,0.83,0
147,0.75,0.35,0.66,0.47,0.58,0.58,1,0,0.98,0,0.13,0.1,0.96,0.91,0.56,0.9,0.32,0.78,0.61,0.41,0.43,0.83,0,0.59,0.1,0.5,0.64,0.11,0.63,0.54,0,0.5,1,0.91,0.65,1,0.29,0.88,0.61,0.42,0.45,0.83,0
148,0.78,0.35,0.66,0.47,0.58,0.58,1,0,0.98,0,0.13,0.1,0.96,0.91,0.55,0.9,0.32,0.78,0.61,0.41,0.43,0.83,0,0.59,0.1,0.5,0.64,0.11,0.63,0.54,0,0.5,1,0.91,0.65,1,0.29,0.88,0.61,0.42,0.45,0.83,0
149,0.76,0.35,0.66,0.47,0.58,0.58,1,0,0.98,0,0.13,0.1,0.96,0.91,0.56,0.9,0.32,0.79,0.61,0.41,0.43,0.83,0,0.59,0.1,0.5,0.64,0.11,0.63,0.54,0,0.5,1,0.91,0.65,1,0.29,0.88,0.61,0.42,0.45,0.83,0
150,0.75,0.35,0.66,0.47,0.58,0.58,1,0,0.98,0,0.13,0.1,0.96,0.91,0.55,0.9,0.32,0.78,0.61,0.41,0.43,0.83,0,0.59,0.1,0.5,0.64,0.11,0.63,0.54,0,0.5,1,0.91,0.65,1,0.29,0.88,0.61,0.42,0.45,0.83,0
151,0.75,0,0.66,0.47,0.58,0.58,1,0,0.98,0,0.13,0.1,0.96,0.91,0.56,0.9,0.32,0.78,0.61,0.41,0.43,0.83,0,0.59,0.1,0.5,0.64,0.11,0.63,0.54,0,0.5,1,0.91,0.65,1,0.29,0.88,0.61,0.42,0.45,0.83,0
152,0.75,0.35,0.66,0.47,0.58,0.58,1,0,0.98,0,0.13,0.1,0.96,0.91,0.55,0.9,0.32,0.78,0.61,0.41,0.43,0.83,0,0.59,0.1,0.5,0.64,0.11,0.63,0.54,0,0.5,1,0.91,0.65,1,0.29,0.88,0.61,0.42,0.45,0.83,0
153,0.75,0.35,0.66,0.47,0.58,0.58,1,0,0.98,0,0.13,0.1,0.96,0.91,0.55,0.9,0.32,0.78,0.61,0.41,0.43,0.83,0,0.59,0.1,0.5,0.64,0.11,0.63,0.54,0,0.5,1,0.91,0.65,1,0.29,0.88,0.61,0.42,0.45,0.83,0
154,0.75,0.33,0.66,0.47,0.58,0.58,1,0,0.98,0,0.13,0.1,0.96,0.91,0.55,0.9,0.32,0.78,0.61,0.41,0.43,0.83,0,0.59,0.1,0.5,0.64,0.11,0.63,0.54,0,0.5,1,0.91,0.65,1,0.3,0.88,0.61,0.42,0.45,0.83,0
155,0.75,0.35,0.66,0.47,0.58,0.58,1,0,0.98,0,0.13,0.1,0.96,0.91,0.56,0.9,0.32,0.79,0.61,0.41,0.43,0.83,0,0.59,0.1,0.5,0.64,0.11,0.63,0.54,0,0.5,1,0.91,0.65,1,0.3,0.88,0.61,0.42,0.45,0.83,0
156,0.75,0.34,0.66,0.47,0.58,0.58,1,0,0.98,0,0.13,0.1,0.96,0.91,0.55,0.9,0.32,0.78,0.61,0.41,0.43,0.83,0,0.59,0.1,0.5,0.64,0.11,0.63,0.54,0,0.5,1,0.91,0.65,1,0.3,0.88,0.61,0.42,0.45,0.83,0
157,0.77,0.34,0.66,0.47,0.58,0.58,1,0,0.98,0,0.13,0.1,0.96,0.91,0.56,0.9,0.32,0.79,0.61,0.41,0.43,0.83,0,0.59,0.1,0.5,0.64,0.11,0.63,0.54,0,0.5,1,0.91,0.65,1,0.3,0.88,0.61,0.42,0.45,0.83,0
158,0.75,0.35,0.66,0.47,0.58,0.58,1,0,0.98,0,0.13,0.1,0.96,0.91,0.56,0.9,0.32,0.79,0.61,0.41,0.43,0.83,0,0.59,0.1,0.5,0.64,0.11,0.63,0.54,0,0.5,1,0.91,0.65,1,0.3,0.88,0.61,0.42,0.45,0.83,0
159,0.75,0.35,0.66,0.47,0.58,0.58,1,0,0.98,0,0.13,0.1,0.96,0.91,0.56,0.9,0.32,0.79,0.61,0.41,0.43,0.83,0,0.59,0.1,0.5,0.64,0.11,0.63,0.54,0,0.5,1,0.91,0.65,1,0.3,0.88,0.61,0.42,0.45,0.83,0
160,0.75,0.35,0.66,0.47,0.58,0.58,1,0,0.98,0,0.13,0.1,0.96,0.91,0.56,0.9,0.32,0.78,0.61,0.41,0.43,0.83,0,0.59,0.1,0.5,0.64,0.11,0.63,0.54,0,0.5,1,0.91,0.65,1,0.3,0.89,0.61,0.42,0.45,0.83,0
161,0.77,0.35,0.66,0.47,0.58,0.58,1,0,0.98,0,0.13,0.1,0.96,0.91,0.56,0.9,0.32,0.78,0.61,0.41,0.43,0.83,0,0.59,0.1,0.5,0.64,0.11,0.63,0.54,0,0.5,1,0.91,0.65,1,0.3,0.89,0.61,0.42,0.45,0.83,0
162,0.75,0.35,0.66,0.47,0.58,0.58,1,0,0.98,0,0.13,0.1,0.96,0.91,0.56,0.9,0.32,0.79,0.61,0.41,0.43,0.83,0,0.59,0.1,0.5,0.64,0.11,0.63,0.54,0,0.5,1,0.91,0.66,1,0.3,0.89,0.61,0.42,0.45,0.83,0
163,0.75,0.35,0.66,0.47,0.58,0.58,1,0,0.98,0,0.13,0.1,0.96,0.91,0.56,0.9,0.32,0.78,0.61,0.41,0.43,0.83,0,0.59,0.1,0.5,0.64,0.11,0.63,0.54,0,0.5,1,0.91,0.66,1,0.3,0.89,0.61,0.42,0.45,0.83,0
164,0.75,0.35,0.66,0.47,0.58,0.58,1,0,0.98,0,0.13,0.1,0.97,0.91,0.56,0.9,0.32,0.79,0.61,0.41,0.43,0.83,0,0.59,0.1,0.5,0.64,0.11,0.63,0.54,0,0.5,1,0.91,0.66,1,0.3,0.89,0.61,0.42,0.45,0.83,0
165,0.75,0.35,0.66,0.47,0.58,0.58,1,0,0.98,0,0.13,0.1,0.96,0.91,0.56,0.9,0.32,0.79,0.61,0.41,0.43,0.83,0,0.59,0.1,0.5,0.64,0.11,0.63,0.54,0,0.5,1,0.91,0.66,1,0.3,0.89,0.61,0.42,0.45,0.83,0
166,0.75,0.35,0.66,0.47,0.58,0.58,1,0,0.98,0,0.13,0.1,0.96,0.91,0.56,0.9,0.32,0.79,0.61,0.41,0.43,0.83,0,0.59,0.1,0.5,0.64,0.11,0.63,0.54,0,0.5,1,0.91,0.66,1,0.3,0.89,0.61,0.42,0.45,0.83,0
167,0.75,0.35,0.66,0.47,0.58,0.58,1,0,0.98,0,0.13,0.1,0.96,0.91,0.56,0.9,0.32,0.79,0.61,0.41,0.43,0.83,0,0.59,0.1,0.5,0.64,0.11,0.63,0.54,0,0.5,1,0.91,0.66,1,0.3,0.89,0.61,0.42,0.45,0.83,0
168,0.75,0.35,0.66,0.47,0.58,0.58,1,0,0.98,0,0.13,0.1,0.96,0.91,0.56,0.9,0.32,0.79,0.61,0.41,0.43,0.83,0,0.59,0.1,0.5,0.64,0.11,0.63,0.54,0,0.5,1,0.91,0.66,1,0.3,0.89,0.61,0.42,0.45,0.83,0
169,0.75,0.35,0.66,0.47,0.58,0.58,1,0,0.98,0,0.13,0.1,0.96,0.91,0.56,0.9,0.32,0.79,0.61,0.41,0.43,0.83,0,0.59,0.1,0.5,0.64,0.11,0.63,0.54,0,0.5,1,0.91,0.66,1,0.3,0.89,0.61,0.42,0.45,0.83,0
170,0.75,0,0.66,0.47,0.58,0.58,1,0,0.98,0,0.13,0.1,0.96,0.91,0.56,0.9,0.32,0.79,0.61,0.41,0.43,0.83,0,0.59,0.1,0.5,0.64,0.11,0.64,0.54,0,0.5,1,0.91,0.66,1,0.3,0.89,0.61,0.42,0.45,0.83,0
171,0.75,0.35,0.66,0.47,0.58,0.58,1,0,0.98,0,0.13,0.1,0.96,0.91,0.56,0.9,0.32,0.79,0.61,0.41,0.43,0.83,0,0.59,0.1,0.5,0.64,0.11,0.64,0.54,0,0.5,1,0.91,0.66,1,0.3,0.89,0.61,0.42,0.45,0.83,0
172,0.75,0.35,0.66,0.47,0.58,0.58,1,0,0.98,0,0.13,0.1,0.96,0.91,0.56,0.9,0.32,0.78,0.61,0.41,0.43,0.83,0,0.59,0.1,0.5,0.64,0.11,0.64,0.54,0,0.5,1,0.91,0.66,1,0.3,0.89,0.61,0.42,0.45,0.83,0
173,0.77,0.35,0.66,0.47,0.58,0.58,1,0,0.98,0,0.13,0.1,0.96,0.91,0.56,0.9,0.32,0.79,0.61,0.41,0.43,0.83,0,0.59,0.1,0.5,0.64,0.11,0.64,0.54,0,0.5,1,0.91,0.66,1,0.3,0.89,0.61,0.42,0.45,0.83,0
174,0.75,0.35,0.66,0.47,0.58,0.58,1,0,0.98,0,0.13,0.1,0.96,0.91,0.56,0.9,0.32,0.78,0.61,0.41,0.43,0.83,0,0.59,0.1,0.5,0.64,0.11,0.64,0.54,0,0.5,1,0.91,0.66,1,0.3,0.89,0.61,0.42,0.45,0.83,0
175,0.75,0.35,0.66,0.47,0.58,0.58,1,0,0.98,0,0.13,0.1,0.96,0.91,0.56,0.9,0.32,0.79,0.61,0.41,0.43,0.83,0,0.59,0.1,0.5,0.64,0.11,0.64,0.54,0,0.5,1,0.91,0.66,1,0.3,0.89,0.61,0.42,0.45,0.83,0
176,0.75,0.35,0.66,0.47,0.58,0.58,1,0,0.98,0,0.13,0.1,0.96,0.91,0.56,0.9,0.32,0.79,0.61,0.41,0.43,0.83,0,0.59,0.1,0.5,0.64,0.11,0.64,0.54,0,0.5,1,0.91,0.66,1,0.3,0.89,0.61,0.41,0.45,0.83,0
177,0.75,0.35,0.66,0.47,0.58,0.58,1,0,0.98,0,0.13,0.1,0.96,0.91,0.56,0.9,0.32,0.79,0.61,0.41,0.43,0.83,0,0.59,0.1,0.5,0.64,0.11,0.64,0.54,0,0.5,1,0.91,0.66,1,0.3,0.89,0.61,0.41,0.45,0.83,0
178,0.75,0.35,0.66,0.47,0.58,0.58,1,0,0.98,0,0.13,0.1,0.96,0.91,0.56,0.9,0.32,0.79,0.61,0.41,0.43,0.83,0,0.59,0.1,0.5,0.64,0.11,0.64,0.54,0,0.5,1,0.91,0.66,1,0.3,0.89,0.61,0.41,0.45,0.83,0
179,0.75,0,0.66,0.47,0.58,0.58,1,0,0.98,0,0.13,0.1,0.96,0.91,0.56,0.9,0.32,0.79,0.61,0.41,0.43,0.83,0,0.59,0.1,0.5,0.64,0.11,0.64,0.54,0,0.5,1,0.91,0.66,1,0.3,0.89,0.61,0.41,0.45,0.83,0
180,0.75,0.32,0.66,0.47,0.58,0.58,1,0,0.98,0,0.13,0.1,0.96,0.91,0.56,0.9,0.32,0.79,0.61,0.41,0.43,0.83,0,0.59,0.1,0.5,0.64,0.11,0.64,0.54,0,0.5,1,0.91,0.66,1,0.3,0.89,0.61,0.41,0.45,0.83,0
181,0.75,0.34,0.66,0.47,0.58,0.58,1,0,0.98,0,0.13,0.1,0.96,0.91,0.56,0.9,0.33,0.79,0.61,0.41,0.43,0.83,0,0.59,0.1,0.5,0.64,0.11,0.64,0.54,0,0.5,1,0.91,0.66,1,0.3,0.89,0.61,0.41,0.45,0.83,0
182,0.75,0.35,0.66,0.47,0.58,0.58,1,0,0.98,0,0.13,0.1,0.96,0.91,0.56,0.9,0.32,0.79,0.61,0.41,0.43,0.83,0,0.59,0.1,0.5,0.64,0.11,0.64,0.54,0,0.5,1,0.91,0.66,1,0.3,0.89,0.61,0.41,0.45,0.83,0
183,0.77,0.35,0.66,0.47,0.58,0.58,1,0,0.98,0,0.13,0.1,0.96,0.91,0.56,0.9,0.32,0.79,0.61,0.41,0.43,0.83,0,0.59,0.1,0.5,0.64,0.11,0.64,0.54,0,0.5,1,0.91,0.66,1,0.3,0.89,0.61,0.41,0.45,0.83,0
184,0.75,0,0.66,0.47,0.58,0.58,1,0,0.98,0,0.13,0.1,0.96,0.91,0.56,0.9,0.33,0.79,0.61,0.41,0.43,0.83,0,0.59,0.1,0.5,0.64,0.11,0.64,0.54,0,0.5,1,0.91,0.66,1,0.3,0.89,0.61,0.41,0.45,0.83,0
185,0.75,0.35,0.66,0.47,0.58,0.58,1,0,0.98,0,0.13,0.1,0.96,0.91,0.56,0.9,0.32,0.79,0.61,0.41,0.43,0.83,0,0.59,0.1,0.5,0.64,0.11,0.64,0.54,0,0.5,1,0.91,0.66,1,0.3,0.89,0.61,0.41,0.45,0.83,0
186,0.75,0.35,0.66,0.47,0.58,0.58,1,0,0.98,0,0.13,0.1,0.96,0.91,0.56,0.9,0.32,0.79,0.61,0.41,0.43,0.83,0,0.59,0.1,0.5,0.64,0.11,0.64,0.54,0,0.5,1,0.91,0.66,1,0.3,0.89,0.61,0.41,0.45,0.83,0
187,0.75,0,0.66,0.47,0.58,0.58,1,0,0.98,0,0.13,0.1,0.96,0.91,0.56,0.9,0.33,0.79,0.61,0.41,0.43,0.83,0,0.59,0.1,0.5,0.64,0.11,0.64,0.54,0,0.5,1,0.91,0.66,1,0.3,0.89,0.61,0.41,0.45,0.83,0
188,0.75,0.35,0.66,0.47,0.58,0.58,1,0,0.98,0,0.13,0.1,0.96,0.91,0.56,0.9,0.32,0.79,0.61,0.41,0.43,0.83,0,0.59,0.1,0.5,0.64,0.11,0.64,0.54,0,0.5,1,0.91,0.66,1,0.3,0.89,0.61,0.41,0.45,0.83,0
189,0.75,0.34,0.66,0.47,0.58,0.58,1,0,0.98,0,0.13,0.1,0.96,0.91,0.56,0.9,0.33,0.79,0.61,0.41,0.43,0.83,0,0.59,0.1,0.5,0.64,0.11,0.64,0.54,0,0.5,1,0.91,0.66,1,0.3,0.89,0.61,0.41,0.45,0.83,0
190,0.75,0.35,0.66,0.47,0.58,0.58,1,0,0.98,0,0.13,0.1,0.96,0.91,0.56,0.9,0.33,0.79,0.61,0.41,0.43,0.83,0,0.59,0.1,0.5,0.64,0.11,0.64,0.54,0,0.5,1,0.91,0.66,1,0.3,0.89,0.61,0.41,0.45,0.83,0
191,0.75,0,0.66,0.47,0.58,0.58,1,0,0.98,0,0.13,0.1,0.96,0.91,0.56,0.9,0.33,0.79,0.61,0.41,0.43,0.83,0,0.59,0.1,0.5,0.64,0.11,0.64,0.54,0,0.5,1,0.91,0.66,1,0.3,0.89,0.61,0.41,0.45,0.83,0
192,0.75,0,0.66,0.47,0.58,0.58,1,0,0.98,0,0.13,0.1,0.96,0.91,0.56,0.9,0.33,0.79,0.61,0.41,0.43,0.83,0,0.59,0.1,0.5,0.64,0.11,0.64,0.54,0,0.5,1,0.91,0.66,1,0.3,0.89,0.61,0.41,0.45,0.83,0
193,0.75,0.33,0.66,0.47,0.58,0.58,1,0,0.98,0,0.13,0.1,0.96,0.91,0.56,0.9,0.33,0.79,0.61,0.4,0.43,0.83,0,0.59,0.1,0.5,0.64,0.11,0.64,0.54,0,0.5,1,0.91,0.66,1,0.3,0.89,0.61,0.41,0.45,0.83,0
194,0.75,0.35,0.66,0.47,0.58,0.58,1,0,0.98,0,0.13,0.1,0.97,0.91,0.56,0.9,0.32,0.79,0.61,0.4,0.43,0.83,0,0.59,0.1,0.5,0.64,0.11,0.64,0.54,0,0.5,1,0.91,0.66,1,0.3,0.89,0.61,0.41,0.45,0.83,0
195,0.75,0,0.66,0.47,0.58,0.58,1,0,0.98,0,0.13,0.1,0.96,0.91,0.56,0.9,0.33,0.79,0.61,0.4,0.43,0.83,0,0.59,0.1,0.5,0.64,0.11,0.64,0.54,0,0.5,1,0.91,0.66,1,0.3,0.89,0.61,0.41,0.45,0.83,0
196,0.75,0,0.66,0.47,0.58,0.58,1,0,0.98,0,0.13,0.1,0.96,0.91,0.56,0.9,0.33,0.79,0.61,0.4,0.43,0.83,0,0.59,0.1,0.5,0.64,0.11,0.64,0.54,0,0.5,1,0.91,0.66,1,0.3,0.89,0.61,0.41,0.45,0.83,0
197,0.75,0,0.66,0.47,0.58,0.58,1,0,0.98,0,0.13,0.1,0.96,0.91,0.56,0.9,0.33,0.79,0.61,0.4,0.43,0.83,0,0.59,0.1,0.5,0.64,0.11,0.64,0.54,0,0.5,1,0.91,0.66,1,0.3,0.89,0.61,0.41,0.45,0.83,0
198,0.75,0.35,0.66,0.47,0.58,0.58,1,0,0.98,0,0.13,0.1,0.96,0.91,0.56,0.9,0.33,0.79,0.61,0.4,0.43,0.83,0,0.59,0.1,0.5,0.64,0.11,0.64,0.54,0,0.5,1,0.91,0.66,1,0.3,0.89,0.61,0.41,0.45,0.83,0
199,0.75,0.35,0.66,0.47,0.58,0.58,1,0,0.98,0,0.13,0.1,0.96,0.91,0.56,0.9,0.33,0.79,0.61,0.4,0.43,0.83,0,0.59,0.1,0.5,0.64,0.11,0.64,0.54,0,0.5,1,0.91,0.66,1,0.3,0.89,0.61,0.41,0.45,0.83,0
200,0.75,0,0.66,0.48,0.58,0.58,1,0,0.98,0,0.13,0.1,0.96,0.91,0.56,0.9,0.33,0.79,0.61,0.4,0.43,0.83,0,0.59,0.1,0.5,0.64,0.11,0.64,0.54,0,0.5,1,0.91,0.66,1,0.3,0.89,0.61,0.41,0.45,0.83,0
201,0.75,0.35,0.66,0.47,0.58,0.58,1,0,0.98,0,0.13,0.1,0.96,0.91,0.56,0.9,0.33,0.79,0.61,0.4,0.43,0.83,0,0.59,0.1,0.5,0.64,0.11,0.64,0.55,0,0.5,1,0.91,0.66,1,0.3,0.89,0.61,0.41,0.45,0.83,0
202,0.77,0,0.66,0.47,0.58,0.58,1,0,0.98,0,0.13,0.1,0.96,0.91,0.56,0.9,0.33,0.79,0.61,0.4,0.43,0.83,0,0.59,0.1,0.5,0.64,0.11,0.64,0.55,0,0.5,1,0.91,0.66,1,0.3,0.89,0.61,0.41,0.45,0.83,0
203,0.75,0.35,0.66,0.47,0.58,0.58,1,0,0.98,0,0.13,0.1,0.96,0.91,0.56,0.9,0.33,0.79,0.61,0.4,0.43,0.83,0,0.59,0.1,0.5,0.64,0.11,0.64,0.55,0,0.5,1,0.91,0.66,1,0.3,0.89,0.61,0.41,0.45,0.83,0
204,0.75,0.35,0.66,0.47,0.58,0.58,1,0,0.98,0,0.13,0.1,0.96,0.91,0.56,0.9,0.33,0.79,0.61,0.4,0.43,0.83,0,0.59,0.1,0.5,0.64,0.11,0.64,0.55,0,0.5,1,0.91,0.66,1,0.3,0.89,0.61,0.41,0.45,0.83,0
205,0.75,0.33,0.66,0.47,0.58,0.58,1,0,0.98,0,0.13,0.1,0.96,0.91,0.56,0.9,0.33,0.79,0.61,0.4,0.43,0.83,0,0.59,0.1,0.5,0.64,0.11,0.64,0.55,0,0.5,1,0.91,0.66,1,0.3,0.89,0.61,0.41,0.45,0.83,0
206,0.75,0.35,0.66,0.47,0.58,0.58,1,0,0.98,0,0.13,0.1,0.96,0.91,0.56,0.9,0.33,0.79,0.61,0.4,0.43,0.83,0,0.59,0.1,0.5,0.64,0.11,0.64,0.55,0,0.5,1,0.91,0.66,1,0.3,0.89,0.61,0.41,0.45,0.83,0
207,0.75,0.35,0.66,0.47,0.58,0.58,1,0,0.98,0,0.13,0.1,0.96,0.91,0.56,0.9,0.33,0.79,0.61,0.4,0.43,0.83,0,0.59,0.1,0.5,0.64,0.11,0.64,0.55,0,0.5,1,0.91,0.66,1,0.3,0.89,0.61,0.41,0.45,0.83,0
208,0.75,0.35,0.66,0.47,0.58,0.58,1,0,0.98,0,0.13,0.1,0.97,0.91,0.56,0.9,0.33,0.79,0.61,0.4,0.43,0.83,0,0.59,0.1,0.5,0.64,0.11,0.64,0.55,0,0.5,1,0.91,0.66,1,0.3,0.89,0.61,0.41,0.45,0.83,0
209,0.75,0.35,0.66,0.47,0.58,0.58,1,0,0.98,0,0.13,0.1,0.97,0.91,0.56,0.9,0.33,0.79,0.61,0.4,0.43,0.83,0,0.59,0.1,0.5,0.64,0.11,0.64,0.55,0,0.5,1,0.91,0.66,1,0.3,0.89,0.61,0.41,0.45,0.83,0
210,0.75,0,0.66,0.47,0.58,0.58,1,0,0.98,0,0.13,0.1,0.96,0.91,0.56,0.9,0.33,0.79,0.61,0.4,0.43,0.83,0,0.59,0.1,0.5,0.64,0.11,0.64,0.55,0,0.5,1,0.91,0.66,1,0.3,0.89,0.61,0.41,0.45,0.83,0
211,0.75,0.35,0.66,0.47,0.58,0.58,1,0,0.98,0,0.13,0.1,0.97,0.91,0.56,0.9,0.33,0.79,0.61,0.4,0.43,0.83,0,0.59,0.1,0.5,0.64,0.11,0.64,0.55,0,0.5,1,0.91,0.66,1,0.3,0.89,0.61,0.41,0.45,0.83,0
212,0.76,0.35,0.66,0.47,0.58,0.58,1,0,0.98,0,0.13,0.1,0.96,0.91,0.56,0.9,0.33,0.79,0.61,0.4,0.43,0.83,0,0.59,0.1,0.5,0.64,0.11,0.64,0.55,0,0.5,1,0.91,0.66,1,0.3,0.89,0.61,0.41,0.45,0.83,0
213,0.75,0.35,0.66,0.47,0.58,0.58,1,0,0.98,0,0.13,0.1,0.96,0.91,0.56,0.9,0.33,0.79,0.61,0.4,0.43,0.83,0,0.59,0.1,0.5,0.64,0.11,0.64,0.55,0,0.5,1,0.91,0.66,1,0.3,0.89,0.61,0.41,0.45,0.83,0
214,0.75,0.35,0.66,0.47,0.58,0.58,1,0,0.98,0,0.13,0.1,0.96,0.91,0.56,0.9,0.33,0.79,0.61,0.4,0.43,0.83,0,0.59,0.1,0.5,0.64,0.11,0.64,0.55,0,0.5,1,0.91,0.66,1,0.3,0.89,0.61,0.41,0.45,0.83,0
215,0.75,0.35,0.66,0.47,0.58,0.58,1,0,0.98,0,0.13,0.1,0.96,0.91,0.56,0.9,0.33,0.79,0.61,0.4,0.43,0.83,0,0.59,0.1,0.5,0.64,0.11,0.64,0.55,0,0.5,1,0.91,0.66,1,0.3,0.89,0.61,0.41,0.45,0.83,0
216,0.75,0.35,0.66,0.47,0.58,0.58,1,0,0.98,0,0.13,0.1,0.96,0.91,0.56,0.9,0.33,0.79,0.61,0.4,0.43,0.83,0,0.59,0.1,0.5,0.64,0.11,0.64,0.55,0,0.5,1,0.91,0.66,1,0.3,0.89,0.61,0.41,0.45,0.83,0
217,0.75,0,0.66,0.47,0.58,0.58,1,0,0.98,0,0.13,0.1,0.96,0.91,0.56,0.9,0.33,0.79,0.61,0.4,0.43,0.83,0,0.59,0.1,0.5,0.64,0.11,0.64,0.55,0,0.5,1,0.91,0.66,1,0.3,0.89,0.61,0.41,0.45,0.83,0
218,0.75,0.35,0.66,0.47,0.58,0.58,1,0,0.98,0,0.13,0.1,0.96,0.91,0.56,0.9,0.33,0.79,0.61,0.4,0.43,0.83,0,0.59,0.1,0.5,0.64,0.11,0.64,0.55,0,0.5,1,0.91,0.66,1,0.3,0.89,0.61,0.41,0.45,0.83,0
219,0.75,0,0.66,0.47,0.58,0.58,1,0,0.98,0,0.13,0.1,0.96,0.91,0.56,0.9,0.33,0.79,0.61,0.4,0.43,0.83,0,0.59,0.1,0.5,0.64,0.11,0.64,0.55,0,0.5,1,0.91,0.66,1,0.3,0.89,0.61,0.41,0.45,0.83,0
220,0.75,0,0.66,0.47,0.58,0.58,1,0,0.98,0,0.13,0.1,0.96,0.91,0.56,0.9,0.33,0.79,0.61,0.4,0.43,0.83,0,0.59,0.1,0.5,0.64,0.11,0.64,0.55,0,0.5,1,0.91,0.66,1,0.3,0.89,0.61,0.41,0.45,0.83,0
221,0.77,0.35,0.66,0.47,0.58,0.58,1,0,0.98,0,0.13,0.1,0.96,0.91,0.56,0.9,0.33,0.79,0.61,0.4,0.43,0.83,0,0.59,0.1,0.5,0.64,0.11,0.64,0.55,0,0.5,1,0.91,0.66,1,0.3,0.89,0.61,0.41,0.45,0.83,0
222,0.75,0.35,0.66,0.47,0.58,0.58,1,0,0.98,0,0.13,0.1,0.96,0.91,0.56,0.9,0.33,0.79,0.61,0.4,0.43,0.83,0,0.59,0.1,0.5,0.64,0.11,0.64,0.55,0,0.5,1,0.91,0.66,1,0.3,0.89,0.61,0.41,0.45,0.83,0
223,0.75,0,0.66,0.47,0.58,0.58,1,0,0.98,0,0.13,0.1,0.96,0.91,0.56,0.9,0.33,0.79,0.61,0.4,0.43,0.83,0,0.59,0.1,0.5,0.64,0.11,0.64,0.55,0,0.5,1,0.91,0.66,1,0.3,0.89,0.61,0.41,0.45,0.83,0
224,0.75,0.35,0.66,0.47,0.58,0.58,1,0,0.98,0,0.13,0.1,0.97,0.91,0.56,0.9,0.33,0.79,0.61,0.4,0.43,0.83,0,0.59,0.1,0.5,0.64,0.11,0.64,0.55,0,0.5,1,0.91,0.66,1,0.31,0.89,0.61,0.41,0.45,0.83,0
225,0.75,0.35,0.66,0.47,0.58,0.58,1,0,0.98,0,0.13,0.1,0.96,0.91,0.56,0.9,0.33,0.79,0.61,0.4,0.43,0.83,0,0.59,0.1,0.5,0.64,0.11,0.64,0.55,0,0.5,1,0.91,0.66,1,0.31,0.9,0.61,0.41,0.45,0.83,0
226,0.75,0.35,0.66,0.47,0.58,0.58,1,0,0.98,0,0.13,0.1,0.96,0.91,0.56,0.9,0.33,0.79,0.61,0.4,0.43,0.83,0,0.59,0.1,0.5,0.64,0.11,0.64,0.55,0,0.5,1,0.91,0.66,1,0.31,0.9,0.61,0.41,0.45,0.83,0
227,0.75,0.35,0.66,0.47,0.58,0.58,1,0,0.98,0,0.13,0.1,0.96,0.91,0.56,0.9,0.33,0.79,0.61,0.4,0.43,0.83,0,0.59,0.1,0.5,0.64,0.11,0.64,0.55,0,0.5,1,0.91,0.66,1,0.31,0.9,0.61,0.41,0.45,0.83,0
228,0.76,0.35,0.66,0.47,0.58,0.58,1,0,0.98,0,0.13,0.1,0.96,0.91,0.56,0.9,0.33,0.79,0.61,0.4,0.43,0.83,0,0.59,0.1,0.5,0.64,0.11,0.64,0.55,0,0.5,1,0.91,0.66,1,0.31,0.9,0.61,0.41,0.45,0.83,0
229,0.75,0.35,0.66,0.47,0.58,0.58,1,0,0.98,0,0.13,0.1,0.96,0.91,0.56,0.9,0.33,0.79,0.61,0.4,0.43,0.83,0,0.59,0.1,0.5,0.64,0.11,0.64,0.55,0,0.5,1,0.91,0.66,1,0.31,0.9,0.61,0.41,0.45,0.83,0
230,0.75,0,0.66,0.47,0.58,0.58,1,0,0.98,0,0.13,0.1,0.96,0.91,0.56,0.9,0.33,0.79,0.61,0.4,0.43,0.83,0,0.59,0.1,0.5,0.64,0.11,0.64,0.55,0,0.5,1,0.91,0.66,1,0.31,0.9,0.61,0.41,0.45,0.83,0
231,0.77,0,0.66,0.47,0.58,0.58,1,0,0.98,0,0.13,0.1,0.97,0.91,0.56,0.9,0.33,0.79,0.61,0.4,0.43,0.83,0,0.59,0.1,0.5,0.64,0.11,0.64,0.55,0,0.5,1,0.91,0.66,1,0.31,0.9,0.61,0.41,0.45,0.83,0
232,0.75,0.35,0.66,0.47,0.58,0.58,1,0,0.98,0,0.13,0.1,0.96,0.91,0.56,0.9,0.33,0.79,0.61,0.4,0.43,0.83,0,0.59,0.1,0.5,0.64,0.11,0.64,0.55,0,0.5,1,0.91,0.66,1,0.31,0.9,0.61,0.41,0.45,0.83,0
233,0.75,0.35,0.66,0.47,0.58,0.58,1,0,0.98,0,0.13,0.1,0.96,0.91,0.56,0.9,0.33,0.79,0.61,0.4,0.43,0.83,0,0.59,0.1,0.5,0.64,0.11,0.64,0.55,0,0.5,1,0.91,0.66,1,0.31,0.9,0.61,0.41,0.45,0.83,0
234,0.78,0.35,0.66,0.47,0.58,0.58,1,0,0.98,0,0.13,0.1,0.97,0.91,0.56,0.9,0.33,0.79,0.61,0.4,0.43,0.83,0,0.59,0.1,0.5,0.64,0.11,0.64,0.55,0,0.5,1,0.91,0.66,1,0.31,0.9,0.61,0.41,0.45,0.83,0
235,0.77,0,0.66,0.47,0.58,0.58,1,0,0.98,0,0.13,0.1,0.96,0.91,0.56,0.9,0.33,0.79,0.61,0.4,0.43,0.83,0,0.6,0.1,0.5,0.64,0.11,0.64,0.55,0,0.5,1,0.91,0.66,1,0.31,0.9,0.61,0.41,0.45,0.83,0
236,0.75,0.35,0.66,0.47,0.58,0.58,1,0,0.98,0,0.13,0.1,0.96,0.91,0.56,0.9,0.33,0.79,0.61,0.4,0.43,0.83,0,0.6,0.1,0.5,0.64,0.11,0.64,0.55,0,0.5,1,0.91,0.66,1,0.31,0.9,0.61,0.41,0.45,0.83,0
237,0.75,0.35,0.66,0.47,0.58,0.58,1,0,0.98,0,0.13,0.1,0.96,0.91,0.56,0.9,0.33,0.79,0.61,0.4,0.43,0.83,0,0.6,0.1,0.5,0.64,0.11,0.64,0.55,0,0.5,1,0.91,0.66,1,0.31,0.9,0.61,0.41,0.45,0.83,0
238,0.75,0.35,0.66,0.47,0.58,0.58,1,0,0.98,0,0.13,0.1,0.96,0.91,0.56,0.9,0.33,0.79,0.61,0.4,0.43,0.83,0,0.6,0.1,0.5,0.64,0.11,0.64,0.55,0,0.5,1,0.91,0.66,1,0.31,0.9,0.61,0.41,0.45,0.83,0
239,0.75,0,0.66,0.47,0.58,0.58,1,0,0.98,0,0.13,0.1,0.96,0.91,0.56,0.9,0.33,0.79,0.61,0.4,0.43,0.83,0,0.6,0.1,0.5,0.64,0.11,0.64,0.55,0,0.5,1,0.91,0.66,1,0.31,0.89,0.61,0.41,0.45,0.83,0
240,0.75,0.35,0.66,0.47,0.58,0.58,1,0,0.98,0,0.13,0.1,0.96,0.91,0.56,0.9,0.33,0.79,0.61,0.4,0.43,0.83,0,0.6,0.1,0.5,0.64,0.11,0.64,0.55,0,0.5,1,0.91,0.66,1,0.31,0.9,0.61,0.41,0.45,0.83,0
241,0.76,0.35,0.66,0.47,0.58,0.58,1,0,0.98,0,0.13,0.1,0.96,0.91,0.56,0.9,0.33,0.79,0.61,0.4,0.43,0.83,0,0.6,0.1,0.5,0.64,0.11,0.64,0.55,0,0.5,1,0.91,0.66,1,0.31,0.9,0.61,0.41,0.45,0.83,0
242,0.75,0.35,0.66,0.47,0.58,0.58,1,0,0.98,0,0.13,0.1,0.96,0.91,0.56,0.9,0.33,0.79,0.61,0.4,0.43,0.83,0,0.6,0.1,0.5,0.64,0.11,0.64,0.55,0,0.5,1,0.91,0.66,1,0.31,0.9,0.61,0.41,0.45,0.83,0
243,0.75,0,0.66,0.47,0.58,0.58,1,0,0.98,0,0.13,0.1,0.96,0.91,0.56,0.9,0.33,0.79,0.61,0.4,0.43,0.83,0,0.6,0.1,0.5,0.64,0.11,0.64,0.55,0,0.5,1,0.91,0.66,1,0.31,0.9,0.61,0.41,0.45,0.83,0
244,0.75,0,0.66,0.47,0.58,0.58,1,0,0.98,0,0.13,0.1,0.96,0.91,0.56,0.9,0.33,0.79,0.61,0.4,0.43,0.83,0,0.6,0.1,0.5,0.64,0.11,0.64,0.55,0,0.5,1,0.91,0.66,1,0.31,0.9,0.61,0.41,0.45,0.83,0
245,0.75,0.34,0.66,0.47,0.58,0.58,1,0,0.98,0,0.13,0.1,0.97,0.91,0.56,0.9,0.33,0.79,0.61,0.4,0.43,0.83,0,0.6,0.1,0.5,0.64,0.11,0.64,0.55,0,0.5,1,0.91,0.66,1,0.31,0.9,0.61,0.41,0.45,0.83,0
246,0.78,0,0.66,0.47,0.58,0.58,1,0,0.98,0,0.13,0.1,0.96,0.91,0.56,0.9,0.33,0.79,0.61,0.4,0.43,0.83,0,0.6,0.1,0.5,0.64,0.11,0.64,0.55,0,0.5,1,0.91,0.66,1,0.31,0.9,0.61,0.41,0.45,0.83,0
247,0.75,0.35,0.66,0.47,0.58,0.58,1,0,0.98,0,0.13,0.1,0.97,0.91,0.56,0.9,0.33,0.79,0.61,0.4,0.43,0.83,0,0.6,0.1,0.5,0.64,0.11,0.64,0.55,0,0.5,1,0.91,0.66,1,0.31,0.9,0.61,0.41,0.45,0.83,0
248,0.79,0,0.66,0.47,0.58,0.58,1,0,0.98,0,0.13,0.1,0.96,0.91,0.56,0.9,0.33,0.79,0.61,0.4,0.43,0.83,0,0.6,0.1,0.5,0.64,0.11,0.64,0.55,0,0.5,1,0.91,0.66,1,0.31,0.9,0.61,0.41,0.45,0.83,0
249,0.75,0.34,0.66,0.47,0.58,0.58,1,0,0.98,0,0.13,0.1,0.96,0.91,0.56,0.9,0.33,0.79,0.61,0.4,0.43,0.83,0,0.6,0.1,0.5,0.64,0.11,0.64,0.55,0,0.5,1,0.91,0.66,1,0.31,0.9,0.61,0.41,0.45,0.83,0
250,0.75,0,0.66,0.47,0.58,0.58,1,0,0.98,0,0.13,0.1,0.97,0.91,0.56,0.9,0.33,0.79,0.61,0.4,0.43,0.83,0,0.6,0.1,0.5,0.64,0.11,0.64,0.55,0,0.5,1,0.91,0.66,1,0.31,0.9,0.61,0.41,0.45,0.83,0
251,0.76,0.34,0.66,0.47,0.58,0.58,1,0,0.98,0,0.13,0.1,0.96,0.91,0.56,0.9,0.33,0.79,0.61,0.4,0.43,0.83,0,0.6,0.1,0.5,0.64,0.11,0.64,0.55,0,0.5,1,0.91,0.66,1,0.31,0.9,0.61,0.41,0.45,0.83,0
252,0.75,0.33,0.66,0.47,0.58,0.58,1,0,0.98,0,0.13,0.1,0.96,0.91,0.56,0.9,0.33,0.79,0.61,0.4,0.43,0.83,0,0.6,0.1,0.5,0.64,0.11,0.64,0.55,0,0.5,1,0.91,0.66,1,0.31,0.9,0.61,0.41,0.45,0.83,0
253,0.75,0.35,0.66,0.47,0.58,0.58,1,0,0.98,0,0.13,0.1,0.96,0.91,0.56,0.9,0.33,0.79,0.61,0.4,0.43,0.83,0,0.6,0.1,0.5,0.64,0.11,0.64,0.55,0,0.5,1,0.91,0.66,1,0.31,0.9,0.61,0.41,0.45,0.83,0
254,0.75,0.35,0.66,0.47,0.58,0.58,1,0,0.98,0,0.13,0.1,0.97,0.91,0.56,0.9,0.33,0.79,0.61,0.4,0.43,0.83,0,0.6,0.1,0.5,0.64,0.11,0.64,0.55,0,0.5,1,0.91,0.66,1,0.31,0.9,0.61,0.41,0.45,0.83,0
255,0.75,0.35,0.66,0.47,0.58,0.58,1,0,0.98,0,0.13,0.1,0.97,0.91,0.56,0.9,0.33,0.79,0.61,0.4,0.43,0.83,0,0.6,0.1,0.5,0.64,0.11,0.64,0.55,0,0.5,1,0.91,0.66,1,0.31,0.9,0.61,0.41,0.45,0.83,0
256,0.75,0,0.66,0.47,0.58,0.58,1,0,0.98,0,0.13,0.1,0.97,0.91,0.56,0.9,0.33,0.79,0.61,0.4,0.43,0.83,0,0.6,0.1,0.5,0.64,0.11,0.64,0.55,0,0.5,1,0.91,0.66,1,0.31,0.9,0.61,0.41,0.45,0.83,0
257,0.75,0,0.66,0.47,0.58,0.58,1,0,0.98,0,0.13,0.1,0.97,0.91,0.56,0.9,0.33,0.79,0.61,0.4,0.43,0.83,0,0.6,0.1,0.5,0.64,0.11,0.64,0.55,0,0.5,1,0.91,0.66,1,0.31,0.9,0.61,0.41,0.45,0.83,0
258,0.75,0.34,0.66,0.47,0.58,0.58,1,0,0.98,0,0.13,0.1,0.97,0.91,0.56,0.9,0.33,0.79,0.61,0.4,0.43,0.83,0,0.6,0.1,0.5,0.64,0.11,0.64,0.55,0,0.5,1,0.91,0.66,1,0.31,0.9,0.61,0.41,0.45,0.83,0
259,0.75,0.34,0.66,0.47,0.58,0.58,1,0,0.98,0,0.13,0.1,0.97,0.91,0.56,0.9,0.33,0.79,0.61,0.4,0.43,0.83,0,0.6,0.1,0.5,0.64,0.11,0.64,0.55,0,0.5,1,0.91,0.66,1,0.31,0.9,0.61,0.41,0.45,0.83,0
260,0.75,0,0.66,0.47,0.58,0.58,1,0,0.98,0,0.13,0.1,0.97,0.91,0.56,0.9,0.33,0.8,0.61,0.4,0.43,0.83,0,0.6,0.1,0.5,0.64,0.11,0.64,0.55,0,0.5,1,0.91,0.66,1,0.31,0.9,0.61,0.41,0.45,0.83,0
261,0.75,0.35,0.66,0.47,0.58,0.58,1,0,0.98,0,0.13,0.1,0.96,0.91,0.56,0.9,0.33,0.79,0.61,0.4,0.43,0.83,0,0.6,0.1,0.5,0.64,0.11,0.64,0.55,0,0.5,1,0.91,0.66,1,0.31,0.9,0.61,0.41,0.45,0.83,0
262,0.75,0.35,0.66,0.47,0.58,0.58,1,0,0.98,0,0.13,0.1,0.96,0.91,0.56,0.9,0.33,0.79,0.61,0.4,0.43,0.83,0,0.6,0.1,0.5,0.64,0.11,0.64,0.55,0,0.5,1,0.91,0.66,1,0.31,0.9,0.61,0.41,0.45,0.83,0
263,0.75,0,0.66,0.47,0.58,0.58,1,0,0.98,0,0.13,0.1,0.97,0.91,0.56,0.9,0.33,0.79,0.61,0.4,0.43,0.83,0,0.6,0.1,0.5,0.64,0.11,0.64,0.55,0,0.5,1,0.91,0.66,1,0.31,0.9,0.61,0.41,0.45,0.83,0
264,0.76,0.35,0.66,0.47,0.58,0.58,1,0,0.98,0,0.13,0.1,0.97,0.91,0.56,0.9,0.33,0.79,0.61,0.4,0.43,0.83,0,0.6,0.1,0.5,0.64,0.11,0.64,0.55,0,0.5,1,0.91,0.66,1,0.31,0.9,0.61,0.41,0.45,0.83,0
265,0.75,0,0.66,0.47,0.58,0.58,1,0,0.98,0,0.13,0.1,0.97,0.91,0.56,0.9,0.33,0.79,0.61,0.4,0.43,0.83,0,0.6,0.1,0.5,0.64,0.11,0.64,0.55,0,0.5,1,0.91,0.66,1,0.31,0.9,0.61,0.41,0.45,0.83,0
266,0.75,0.35,0.66,0.47,0.58,0.58,1,0,0.98,0,0.13,0.1,0.97,0.91,0.56,0.9,0.33,0.79,0.61,0.4,0.43,0.83,0,0.6,0.1,0.5,0.64,0.11,0.64,0.55,0,0.5,1,0.91,0.66,1,0.31,0.9,0.61,0.41,0.45,0.83,0
267,0.75,0.35,0.66,0.47,0.58,0.58,1,0,0.98,0,0.13,0.1,0.97,0.91,0.56,0.9,0.33,0.8,0.61,0.4,0.43,0.83,0,0.6,0.1,0.5,0.64,0.11,0.64,0.55,0,0.5,1,0.91,0.66,1,0.31,0.9,0.61,0.41,0.45,0.83,0
268,0.75,0.35,0.66,0.47,0.58,0.58,1,0,0.98,0,0.13,0.1,0.97,0.91,0.56,0.9,0.33,0.8,0.61,0.4,0.43,0.83,0,0.6,0.1,0.5,0.64,0.11,0.64,0.55,0,0.5,1,0.91,0.66,1,0.31,0.9,0.61,0.41,0.45,0.83,0
269,0.75,0.35,0.66,0.47,0.58,0.58,1,0,0.98,0,0.13,0.1,0.96,0.91,0.56,0.9,0.34,0.79,0.61,0.4,0.43,0.83,0,0.6,0.1,0.5,0.64,0.11,0.64,0.55,0,0.5,1,0.91,0.66,1,0.31,0.9,0.61,0.41,0.45,0.83,0
270,0.75,0.35,0.66,0.47,0.58,0.58,1,0,0.98,0,0.13,0.1,0.96,0.91,0.56,0.9,0.34,0.79,0.61,0.4,0.43,0.83,0,0.6,0.1,0.5,0.64,0.11,0.64,0.55,0,0.5,1,0.91,0.66,1,0.31,0.9,0.61,0.41,0.45,0.83,0
271,0.75,0,0.66,0.47,0.58,0.58,1,0,0.98,0,0.13,0.1,0.97,0.91,0.56,0.9,0.33,0.79,0.61,0.4,0.43,0.83,0,0.6,0.1,0.5,0.64,0.11,0.64,0.55,0,0.5,1,0.91,0.66,1,0.31,0.9,0.61,0.41,0.45,0.83,0
272,0.75,0.35,0.66,0.47,0.58,0.58,1,0,0.98,0,0.13,0.1,0.96,0.91,0.56,0.9,0.34,0.79,0.61,0.4,0.43,0.83,0,0.6,0.1,0.5,0.64,0.11,0.64,0.55,0,0.5,1,0.91,0.66,1,0.31,0.9,0.61,0.41,0.45,0.83,0
273,0.75,0.35,0.66,0.48,0.58,0.58,1,0,0.98,0,0.13,0.1,0.97,0.91,0.56,0.9,0.33,0.79,0.61,0.4,0.43,0.83,0,0.6,0.1,0.5,0.64,0.11,0.64,0.55,0,0.5,1,0.91,0.66,1,0.31,0.9,0.61,0.4,0.45,0.83,0
274,0.75,0.35,0.66,0.47,0.58,0.58,1,0,0.98,0,0.13,0.1,0.97,0.91,0.56,0.9,0.34,0.8,0.61,0.4,0.43,0.83,0,0.6,0.1,0.5,0.64,0.11,0.64,0.55,0,0.5,1,0.91,0.66,1,0.31,0.9,0.61,0.4,0.45,0.83,0
275,0.75,0.35,0.66,0.47,0.58,0.58,1,0,0.98,0,0.13,0.1,0.97,0.91,0.56,0.9,0.34,0.79,0.61,0.4,0.43,0.83,0,0.6,0.1,0.5,0.64,0.11,0.64,0.55,0,0.5,1,0.91,0.66,1,0.31,0.9,0.61,0.4,0.45,0.83,0
276,0.75,0.35,0.66,0.48,0.58,0.58,1,0,0.98,0,0.13,0.1,0.96,0.91,0.56,0.9,0.34,0.79,0.61,0.4,0.43,0.83,0,0.6,0.1,0.5,0.64,0.11,0.64,0.55,0,0.5,1,0.91,0.66,1,0.31,0.9,0.61,0.4,0.45,0.83,0
277,0.79,0.35,0.66,0.47,0.58,0.58,1,0,0.98,0,0.13,0.1,0.96,0.91,0.56,0.9,0.34,0.79,0.61,0.4,0.43,0.83,0,0.6,0.1,0.5,0.64,0.11,0.64,0.55,0,0.5,1,0.91,0.66,1,0.31,0.9,0.61,0.4,0.45,0.83,0
278,0.75,0.35,0.66,0.47,0.58,0.58,1,0,0.98,0,0.13,0.1,0.97,0.91,0.56,0.9,0.34,0.8,0.61,0.4,0.43,0.83,0,0.6,0.1,0.5,0.64,0.11,0.64,0.55,0,0.5,1,0.91,0.66,1,0.31,0.9,0.61,0.4,0.45,0.83,0
279,0.76,0.35,0.66,0.47,0.58,0.58,1,0,0.98,0,0.13,0.1,0.96,0.91,0.56,0.9,0.34,0.79,0.61,0.4,0.43,0.83,0,0.6,0.1,0.5,0.64,0.11,0.64,0.55,0,0.5,1,0.91,0.66,1,0.31,0.9,0.61,0.4,0.45,0.83,0
280,0.75,0.35,0.66,0.47,0.58,0.58,1,0,0.98,0,0.13,0.1,0.97,0.91,0.56,0.9,0.34,0.79,0.61,0.39,0.43,0.83,0,0.6,0.1,0.5,0.64,0.11,0.64,0.55,0,0.5,1,0.91,0.66,1,0.31,0.9,0.61,0.4,0.45,0.83,0
281,0.76,0.34,0.66,0.48,0.58,0.58,1,0,0.98,0,0.13,0.1,0.97,0.91,0.56,0.9,0.34,0.79,0.61,0.4,0.43,0.83,0,0.6,0.1,0.5,0.64,0.11,0.64,0.55,0,0.5,1,0.91,0.66,1,0.31,0.9,0.61,0.4,0.45,0.83,0
282,0.75,0.35,0.66,0.47,0.58,0.58,1,0,0.98,0,0.13,0.1,0.96,0.91,0.56,0.9,0.34,0.79,0.61,0.4,0.43,0.83,0,0.6,0.1,0.5,0.64,0.11,0.64,0.55,0,0.5,1,0.91,0.66,1,0.31,0.9,0.61,0.4,0.45,0.83,0
283,0.76,0.35,0.66,0.47,0.58,0.58,1,0,0.98,0,0.13,0.1,0.97,0.91,0.56,0.9,0.34,0.8,0.61,0.4,0.43,0.83,0,0.6,0.1,0.5,0.64,0.11,0.64,0.55,0,0.5,1,0.91,0.66,1,0.31,0.9,0.61,0.4,0.45,0.83,0
284,0.75,0.35,0.66,0.48,0.58,0.58,1,0,0.98,0,0.13,0.1,0.97,0.91,0.56,0.9,0.34,0.79,0.61,0.4,0.43,0.83,0,0.6,0.1,0.5,0.64,0.11,0.64,0.55,0,0.5,1,0.91,0.66,1,0.31,0.9,0.61,0.4,0.45,0.83,0
285,0.75,0.35,0.66,0.47,0.58,0.58,1,0,0.98,0,0.13,0.1,0.97,0.91,0.56,0.9,0.34,0.79,0.61,0.4,0.43,0.83,0,0.6,0.1,0.5,0.64,0.11,0.64,0.55,0,0.5,1,0.91,0.66,1,0.31,0.9,0.61,0.4,0.45,0.83,0
286,0.75,0.35,0.66,0.48,0.58,0.58,1,0,0.98,0,0.13,0.1,0.96,0.91,0.56,0.9,0.34,0.79,0.61,0.39,0.43,0.83,0,0.6,0.1,0.5,0.64,0.11,0.64,0.55,0,0.5,1,0.91,0.66,1,0.31,0.9,0.61,0.4,0.45,0.83,0
287,0.75,0,0.66,0.47,0.58,0.58,1,0,0.98,0,0.13,0.1,0.96,0.91,0.56,0.9,0.34,0.79,0.61,0.39,0.43,0.83,0,0.6,0.1,0.5,0.64,0.11,0.64,0.55,0,0.5,1,0.91,0.66,1,0.31,0.9,0.61,0.4,0.45,0.83,0
288,0.75,0.35,0.66,0.47,0.58,0.58,1,0,0.98,0,0.13,0.1,0.96,0.91,0.56,0.9,0.34,0.79,0.61,0.4,0.43,0.83,0,0.6,0.1,0.5,0.64,0.11,0.64,0.55,0,0.5,1,0.91,0.66,1,0.31,0.9,0.61,0.4,0.45,0.83,0
289,0.75,0.35,0.66,0.48,0.58,0.58,1,0,0.98,0,0.13,0.1,0.96,0.91,0.56,0.9,0.34,0.79,0.61,0.39,0.43,0.83,0,0.6,0.1,0.5,0.64,0.11,0.64,0.55,0,0.5,1,0.91,0.66,1,0.31,0.9,0.61,0.4,0.45,0.83,0
290,0.75,0.35,0.66,0.47,0.58,0.58,1,0,0.98,0,0.13,0.1,0.97,0.91,0.56,0.9,0.34,0.79,0.61,0.39,0.43,0.83,0,0.6,0.1,0.5,0.64,0.11,0.64,0.55,0,0.5,1,0.91,0.66,1,0.31,0.9,0.61,0.4,0.45,0.83,0
291,0.75,0,0.66,0.48,0.58,0.58,1,0,0.98,0,0.13,0.1,0.96,0.91,0.56,0.9,0.34,0.79,0.61,0.39,0.43,0.83,0,0.6,0.1,0.5,0.64,0.11,0.64,0.55,0,0.5,1,0.91,0.66,1,0.31,0.9,0.61,0.4,0.45,0.83,0
292,0.75,0,0.66,0.48,0.58,0.58,1,0,0.98,0,0.13,0.1,0.96,0.91,0.56,0.9,0.34,0.79,0.61,0.39,0.43,0.83,0,0.6,0.1,0.5,0.64,0.11,0.64,0.55,0,0.5,1,0.91,0.66,1,0.31,0.9,0.61,0.4,0.45,0.83,0
293,0.75,0.35,0.67,0.47,0.58,0.58,1,0,0.98,0,0.13,0.1,0.97,0.91,0.56,0.9,0.34,0.8,0.61,0.39,0.43,0.83,0,0.6,0.1,0.5,0.64,0.11,0.64,0.55,0,0.5,1,0.91,0.66,1,0.31,0.9,0.61,0.4,0.45,0.83,0
294,0.75,0.35,0.66,0.47,0.58,0.58,1,0,0.98,0,0.13,0.1,0.97,0.91,0.56,0.9,0.34,0.79,0.61,0.39,0.43,0.83,0,0.6,0.1,0.5,0.64,0.11,0.64,0.55,0,0.5,1,0.91,0.66,1,0.31,0.9,0.61,0.4,0.45,0.83,0
295,0.75,0,0.66,0.47,0.58,0.58,1,0,0.98,0,0.13,0.1,0.97,0.91,0.56,0.9,0.34,0.79,0.61,0.39,0.43,0.83,0,0.6,0.1,0.5,0.64,0.11,0.64,0.55,0,0.5,1,0.91,0.66,1,0.31,0.9,0.61,0.4,0.45,0.83,0
296,0.75,0.35,0.66,0.47,0.58,0.58,1,0,0.98,0,0.13,0.1,0.97,0.91,0.56,0.9,0.34,0.8,0.61,0.39,0.43,0.83,0,0.6,0.1,0.5,0.64,0.11,0.64,0.55,0,0.5,1,0.91,0.66,1,0.31,0.9,0.61,0.4,0.45,0.83,0
297,0.75,0,0.66,0.47,0.58,0.58,1,0,0.98,0,0.13,0.1,0.96,0.91,0.56,0.9,0.34,0.79,0.61,0.39,0.43,0.83,0,0.6,0.1,0.5,0.64,0.11,0.64,0.55,0,0.5,1,0.91,0.66,1,0.31,0.9,0.61,0.4,0.45,0.83,0
298,0.75,0,0.66,0.47,0.58,0.58,1,0,0.98,0,0.13,0.1,0.97,0.91,0.56,0.9,0.34,0.8,0.61,0.39,0.43,0.83,0,0.6,0.1,0.5,0.64,0.11,0.64,0.55,0,0.5,1,0.91,0.66,1,0.31,0.9,0.61,0.4,0.45,0.83,0
299,0.75,0.35,0.66,0.47,0.58,0.58,1,0,0.98,0,0.13,0.1,0.97,0.91,0.56,0.9,0.34,0.79,0.61,0.39,0.43,0.83,0,0.6,0.1,0.5,0.64,0.11,0.64,0.55,0,0.5,1,0.91,0.66,1,0.31,0.9,0.61,0.4,0.45,0.83,0
300,0.75,0.35,0.66,0.48,0.58,0.58,1,0,0.98,0,0.13,0.1,0.96,0.91,0.56,0.9,0.34,0.79,0.61,0.39,0.43,0.83,0,0.6,0.1,0.5,0.64,0.11,0.64,0.55,0,0.5,1,0.91,0.66,1,0.31,0.9,0.61,0.4,0.45,0.83,0
301,0.75,0.34,0.66,0.47,0.58,0.58,1,0,0.98,0,0.13,0.1,0.97,0.91,0.56,0.9,0.34,0.79,0.61,0.39,0.43,0.83,0,0.6,0.1,0.5,0.64,0.11,0.64,0.55,0,0.5,1,0.91,0.66,1,0.32,0.9,0.61,0.4,0.45,0.83,0
302,0.75,0.35,0.66,0.48,0.58,0.58,1,0,0.98,0,0.13,0.1,0.97,0.91,0.56,0.9,0.34,0.79,0.61,0.39,0.43,0.83,0,0.6,0.1,0.5,0.64,0.11,0.64,0.55,0,0.5,1,0.91,0.66,1,0.32,0.9,0.61,0.4,0.45,0.83,0
303,0.75,0,0.66,0.48,0.58,0.58,1,0,0.98,0,0.13,0.1,0.97,0.91,0.57,0.9,0.34,0.8,0.61,0.39,0.43,0.83,0,0.6,0.1,0.5,0.64,0.11,0.64,0.55,0,0.5,1,0.91,0.66,1,0.32,0.9,0.61,0.4,0.45,0.83,0
304,0.75,0.35,0.66,0.48,0.58,0.58,1,0,0.98,0,0.13,0.1,0.97,0.91,0.56,0.9,0.34,0.8,0.61,0.39,0.43,0.83,0,0.6,0.1,0.5,0.64,0.11,0.64,0.55,0,0.5,1,0.91,0.66,1,0.32,0.9,0.61,0.4,0.45,0.83,0
305,0.75,0.35,0.66,0.48,0.58,0.58,1,0,0.98,0,0.13,0.1,0.97,0.91,0.56,0.9,0.34,0.79,0.61,0.39,0.43,0.83,0,0.6,0.1,0.5,0.64,0.11,0.64,0.55,0,0.5,1,0.91,0.66,1,0.32,0.9,0.61,0.4,0.45,0.83,0
306,0.75,0.35,0.66,0.47,0.58,0.58,1,0,0.98,0,0.13,0.1,0.97,0.91,0.56,0.9,0.34,0.8,0.61,0.39,0.43,0.83,0,0.6,0.1,0.5,0.64,0.11,0.64,0.55,0,0.5,1,0.91,0.66,1,0.32,0.9,0.61,0.4,0.45,0.83,0
307,0.76,0.35,0.66,0.47,0.58,0.58,1,0,0.98,0,0.13,0.1,0.96,0.91,0.56,0.9,0.34,0.79,0.61,0.39,0.43,0.83,0,0.6,0.1,0.5,0.64,0.11,0.64,0.55,0,0.5,1,0.91,0.66,1,0.32,0.9,0.61,0.4,0.45,0.83,0
308,0.75,0.35,0.66,0.47,0.58,0.58,1,0,0.98,0,0.13,0.1,0.97,0.91,0.56,0.9,0.34,0.79,0.61,0.39,0.43,0.83,0,0.6,0.1,0.5,0.64,0.11,0.64,0.55,0,0.5,1,0.91,0.67,1,0.32,0.9,0.61,0.4,0.45,0.83,0
309,0.75,0,0.66,0.48,0.58,0.58,1,0,0.98,0,0.13,0.1,0.96,0.91,0.56,0.9,0.34,0.79,0.61,0.39,0.43,0.83,0,0.6,0.1,0.5,0.64,0.11,0.64,0.55,0,0.5,1,0.91,0.66,1,0.32,0.9,0.61,0.4,0.45,0.83,0
310,0.75,0.35,0.66,0.47,0.58,0.58,1,0,0.98,0,0.13,0.1,0.97,0.91,0.56,0.9,0.34,0.8,0.61,0.39,0.43,0.83,0,0.6,0.1,0.5,0.64,0.11,0.64,0.55,0,0.5,1,0.91,0.66,1,0.32,0.9,0.61,0.4,0.45,0.83,0
311,0.75,0.34,0.66,0.47,0.58,0.58,1,0,0.98,0,0.13,0.1,0.97,0.91,0.56,0.9,0.34,0.79,0.61,0.39,0.43,0.83,0,0.6,0.1,0.5,0.64,0.11,0.64,0.55,0,0.5,1,0.91,0.66,1,0.32,0.9,0.61,0.4,0.45,0.83,0
312,0.75,0.34,0.66,0.47,0.58,0.58,1,0,0.98,0,0.13,0.1,0.96,0.91,0.56,0.9,0.34,0.79,0.61,0.39,0.43,0.83,0,0.6,0.1,0.5,0.64,0.11,0.64,0.55,0,0.5,1,0.91,0.67,1,0.32,0.9,0.61,0.4,0.45,0.83,0
313,0.75,0,0.66,0.47,0.58,0.58,1,0,0.98,0,0.13,0.1,0.97,0.91,0.57,0.9,0.34,0.79,0.61,0.39,0.43,0.83,0,0.6,0.1,0.5,0.64,0.11,0.64,0.52,0,0.5,1,0.91,0.67,1,0.32,0.9,0.6,0.4,0.45,0.83,0
314,0.75,0.35,0.66,0.48,0.58,0.58,1,0,0.98,0,0.13,0.1,0.96,0.91,0.56,0.9,0.34,0.79,0.61,0.39,0.43,0.83,0,0.6,0.1,0.5,0.64,0.11,0.64,0.55,0,0.5,1,0.91,0.67,1,0.32,0.9,0.61,0.4,0.45,0.83,0
315,0.75,0,0.66,0.47,0.58,0.58,1,0,0.98,0,0.13,0.1,0.97,0.91,0.56,0.9,0.34,0.79,0.61,0.39,0.43,0.83,0,0.6,0.1,0.5,0.64,0.11,0.64,0.55,0,0.5,1,0.91,0.67,1,0.32,0.9,0.61,0.4,0.45,0.83,0
316,0.75,0,0.66,0.47,0.58,0.58,1,0,0.98,0,0.13,0.1,0.97,0.91,0.56,0.9,0.34,0.79,0.61,0.39,0.43,0.83,0,0.6,0.1,0.5,0.64,0.11,0.64,0.55,0,0.5,1,0.91,0.67,1,0.32,0.9,0.61,0.4,0.45,0.83,0
317,0.75,0,0.66,0.48,0.58,0.58,1,0,0.98,0,0.13,0.1,0.97,0.91,0.56,0.9,0.34,0.79,0.61,0.39,0.43,0.83,0,0.6,0.1,0.5,0.64,0.11,0.64,0.55,0,0.5,1,0.91,0.67,1,0.32,0.9,0.61,0.4,0.45,0.83,0
318,0.75,0.34,0.66,0.47,0.58,0.58,1,0,0.98,0,0.13,0.1,0.97,0.91,0.57,0.9,0.34,0.8,0.61,0.39,0.43,0.83,0,0.6,0.1,0.5,0.64,0.11,0.64,0.55,0,0.5,1,0.91,0.67,1,0.32,0.9,0.61,0.4,0.45,0.83,0
319,0.75,0.35,0.66,0.47,0.58,0.58,1,0,0.98,0,0.13,0.1,0.97,0.91,0.56,0.9,0.34,0.79,0.61,0.39,0.43,0.83,0,0.6,0.1,0.5,0.64,0.11,0.64,0.55,0,0.5,1,0.91,0.67,1,0.32,0.9,0.61,0.4,0.45,0.83,0
320,0.75,0,0.66,0.48,0.58,0.58,1,0,0.98,0,0.13,0.1,0.97,0.91,0.56,0.9,0.34,0.79,0.61,0.39,0.43,0.83,0,0.6,0.1,0.5,0.64,0.11,0.64,0.55,0,0.5,1,0.91,0.67,1,0.32,0.9,0.61,0.4,0.45,0.83,0
321,0.75,0.35,0.66,0.47,0.58,0.58,1,0,0.98,0,0.13,0.1,0.97,0.91,0.56,0.9,0.34,0.79,0.61,0.39,0.43,0.83,0,0.6,0.1,0.5,0.64,0.11,0.64,0.55,0,0.5,1,0.91,0.67,1,0.32,0.9,0.61,0.4,0.45,0.83,0
322,0.75,0.32,0.66,0.47,0.58,0.58,1,0,0.98,0,0.13,0.1,0.97,0.91,0.57,0.9,0.34,0.79,0.61,0.39,0.43,0.83,0,0.6,0.1,0.5,0.64,0.11,0.64,0.55,0,0.5,1,0.91,0.67,1,0.32,0.9,0.61,0.4,0.45,0.83,0
323,0.75,0.35,0.66,0.48,0.58,0.58,1,0,0.98,0,0.13,0.1,0.97,0.91,0.56,0.9,0.34,0.79,0.61,0.39,0.43,0.83,0,0.6,0.1,0.5,0.64,0.11,0.64,0.55,0,0.5,1,0.91,0.67,1,0.32,0.9,0.61,0.4,0.45,0.83,0
324,0.75,0.35,0.66,0.47,0.58,0.58,1,0,0.98,0,0.13,0.1,0.97,0.91,0.57,0.9,0.34,0.8,0.61,0.39,0.43,0.83,0,0.6,0.1,0.5,0.64,0.11,0.64,0.55,0,0.5,1,0.91,0.67,1,0.32,0.9,0.61,0.4,0.45,0.83,0
325,0.76,0.35,0.66,0.48,0.58,0.58,1,0,0.98,0,0.13,0.1,0.97,0.91,0.56,0.9,0.34,0.8,0.61,0.39,0.43,0.83,0,0.6,0.1,0.5,0.64,0.11,0.64,0.55,0,0.5,1,0.91,0.67,1,0.32,0.9,0.61,0.4,0.45,0.83,0
326,0.75,0.35,0.66,0.47,0.58,0.58,1,0,0.98,0,0.13,0.1,0.97,0.91,0.56,0.9,0.34,0.79,0.61,0.39,0.43,0.83,0,0.6,0.1,0.5,0.64,0.11,0.64,0.55,0,0.5,1,0.91,0.67,1,0.32,0.9,0.61,0.4,0.45,0.83,0
327,0.75,0.35,0.66,0.47,0.58,0.58,1,0,0.98,0,0.13,0.1,0.97,0.91,0.57,0.9,0.34,0.79,0.61,0.39,0.43,0.83,0,0.6,0.1,0.5,0.64,0.11,0.64,0.55,0,0.5,1,0.91,0.67,1,0.32,0.9,0.61,0.4,0.45,0.83,0
328,0.75,0,0.66,0.47,0.58,0.58,1,0,0.98,0,0.13,0.1,0.97,0.91,0.56,0.9,0.34,0.79,0.61,0.39,0.43,0.83,0,0.6,0.1,0.5,0.64,0.11,0.64,0.55,0,0.5,1,0.91,0.67,1,0.32,0.9,0.61,0.4,0.45,0.83,0
329,0.75,0.35,0.66,0.47,0.58,0.58,1,0,0.98,0,0.13,0.1,0.97,0.91,0.57,0.9,0.34,0.8,0.61,0.39,0.43,0.83,0,0.6,0.1,0.5,0.64,0.11,0.64,0.55,0,0.5,1,0.91,0.67,1,0.32,0.9,0.61,0.4,0.45,0.83,0
330,0.75,0.34,0.66,0.47,0.58,0.58,1,0,0.98,0,0.13,0.1,0.97,0.91,0.56,0.9,0.34,0.79,0.61,0.39,0.43,0.83,0,0.6,0.1,0.5,0.64,0.11,0.64,0.55,0,0.5,1,0.91,0.67,1,0.32,0.9,0.61,0.4,0.45,0.83,0
331,0.75,0.34,0.66,0.47,0.58,0.58,1,0,0.98,0,0.13,0.1,0.97,0.91,0.56,0.9,0.34,0.79,0.61,0.39,0.43,0.83,0,0.6,0.1,0.5,0.64,0.11,0.64,0.55,0,0.5,1,0.91,0.67,1,0.32,0.9,0.61,0.4,0.45,0.83,0
332,0.75,0.35,0.66,0.47,0.58,0.58,1,0,0.98,0,0.13,0.1,0.97,0.91,0.57,0.9,0.34,0.8,0.61,0.39,0.43,0.83,0,0.6,0.1,0.5,0.64,0.11,0.64,0.55,0,0.5,1,0.91,0.67,1,0.32,0.9,0.61,0.4,0.45,0.83,0
333,0.75,0,0.66,0.47,0.58,0.58,1,0,0.98,0,0.13,0.1,0.97,0.91,0.57,0.9,0.34,0.8,0.61,0.39,0.43,0.83,0,0.6,0.1,0.5,0.64,0.11,0.64,0.55,0,0.5,1,0.91,0.67,1,0.32,0.9,0.61,0.4,0.45,0.83,0
334,0.75,0.34,0.66,0.48,0.58,0.58,1,0,0.98,0,0.13,0.1,0.96,0.91,0.56,0.9,0.34,0.79,0.61,0.39,0.43,0.83,0,0.6,0.1,0.5,0.64,0.11,0.64,0.55,0,0.5,1,0.91,0.67,1,0.32,0.9,0.61,0.4,0.45,0.83,0
335,0.75,0.33,0.66,0.48,0.58,0.58,1,0,0.98,0,0.13,0.1,0.97,0.91,0.56,0.9,0.34,0.79,0.61,0.39,0.43,0.83,0,0.6,0.1,0.5,0.64,0.11,0.64,0.55,0,0.5,1,0.91,0.67,1,0.32,0.9,0.61,0.4,0.45,0.83,0
336,0.75,0,0.66,0.48,0.58,0.58,1,0,0.98,0,0.13,0.1,0.97,0.91,0.57,0.9,0.34,0.8,0.61,0.39,0.43,0.83,0,0.6,0.1,0.5,0.64,0.11,0.64,0.55,0,0.5,1,0.91,0.67,1,0.32,0.9,0.61,0.4,0.45,0.83,0
337,0.75,0,0.66,0.48,0.58,0.58,1,0,0.98,0,0.13,0.1,0.97,0.91,0.56,0.9,0.34,0.79,0.61,0.39,0.43,0.83,0,0.6,0.1,0.5,0.64,0.11,0.64,0.55,0,0.5,1,0.91,0.67,1,0.32,0.9,0.61,0.4,0.45,0.83,0
338,0.75,0.34,0.66,0.48,0.58,0.58,1,0,0.98,0,0.13,0.1,0.97,0.91,0.57,0.9,0.34,0.79,0.61,0.39,0.43,0.83,0,0.6,0.1,0.5,0.64,0.11,0.64,0.55,0,0.5,1,0.91,0.67,1,0.32,0.9,0.61,0.4,0.45,0.83,0
339,0.75,0.35,0.66,0.48,0.58,0.58,1,0,0.98,0,0.13,0.1,0.97,0.91,0.57,0.9,0.34,0.79,0.61,0.39,0.43,0.83,0,0.6,0.1,0.5,0.64,0.11,0.64,0.55,0,0.5,1,0.91,0.67,1,0.32,0.9,0.61,0.4,0.45,0.83,0
340,0.75,0.35,0.66,0.48,0.58,0.58,1,0,0.98,0,0.13,0.1,0.97,0.91,0.57,0.9,0.34,0.8,0.61,0.39,0.43,0.83,0,0.6,0.1,0.5,0.64,0.11,0.64,0.55,0,0.5,1,0.91,0.67,1,0.32,0.9,0.61,0.4,0.45,0.83,0
341,0.75,0.34,0.66,0.47,0.58,0.58,1,0,0.98,0,0.13,0.1,0.97,0.91,0.57,0.9,0.34,0.79,0.61,0.39,0.43,0.83,0,0.6,0.1,0.5,0.64,0.11,0.64,0.55,0,0.5,1,0.91,0.67,1,0.32,0.9,0.61,0.4,0.45,0.83,0
342,0.75,0,0.66,0.48,0.58,0.58,1,0,0.98,0,0.13,0.1,0.97,0.91,0.57,0.9,0.34,0.8,0.6,0.39,0.43,0.83,0,0.6,0.1,0.5,0.64,0.11,0.64,0.55,0,0.5,1,0.91,0.67,1,0.32,0.9,0.61,0.4,0.45,0.83,0
343,0.75,0.34,0.66,0.47,0.58,0.58,1,0,0.98,0,0.13,0.1,0.97,0.91,0.57,0.9,0.34,0.79,0.61,0.39,0.43,0.83,0,0.6,0.1,0.5,0.64,0.11,0.64,0.55,0,0.5,1,0.91,0.67,1,0.32,0.9,0.61,0.4,0.45,0.83,0
344,0.75,0,0.66,0.48,0.58,0.58,1,0,0.98,0,0.13,0.1,0.97,0.91,0.57,0.9,0.34,0.79,0.61,0.39,0.43,0.83,0,0.6,0.1,0.5,0.64,0.11,0.64,0.55,0,0.5,1,0.91,0.67,1,0.32,0.9,0.6,0.4,0.45,0.83,0
345,0.75,0,0.66,0.48,0.58,0.58,1,0,0.98,0,0.13,0.1,0.97,0.91,0.56,0.9,0.34,0.79,0.61,0.39,0.43,0.83,0,0.6,0.1,0.5,0.64,0.11,0.64,0.55,0,0.5,1,0.91,0.67,1,0.32,0.9,0.6,0.4,0.45,0.83,0
346,0.75,0.35,0.66,0.48,0.58,0.58,1,0,0.98,0,0.13,0.1,0.97,0.91,0.57,0.9,0.34,0.8,0.61,0.39,0.43,0.83,0,0.6,0.1,0.5,0.64,0.11,0.64,0.55,0,0.5,1,0.91,0.67,1,0.32,0.9,0.6,0.4,0.45,0.83,0
347,0.75,0,0.66,0.47,0.58,0.58,1,0,0.98,0,0.13,0.1,0.97,0.91,0.56,0.9,0.34,0.8,0.6,0.39,0.43,0.83,0,0.6,0.1,0.5,0.64,0.11,0.64,0.55,0,0.5,1,0.91,0.67,1,0.32,0.9,0.6,0.4,0.45,0.83,0
348,0.75,0,0.66,0.48,0.58,0.58,1,0,0.98,0,0.13,0.1,0.97,0.91,0.57,0.9,0.34,0.8,0.6,0.39,0.43,0.83,0,0.6,0.1,0.5,0.64,0.11,0.64,0.55,0,0.5,1,0.91,0.67,1,0.32,0.9,0.6,0.4,0.45,0.83,0
349,0.75,0,0.66,0.48,0.58,0.58,1,0,0.98,0,0.13,0.1,0.97,0.91,0.57,0.9,0.34,0.8,0.6,0.39,0.43,0.83,0,0.6,0.1,0.5,0.64,0.11,0.64,0.55,0,0.5,1,0.91,0.67,1,0.32,0.9,0.6,0.4,0.45,0.83,0
350,0.75,0.34,0.66,0.47,0.58,0.58,1,0,0.98,0,0.13,0.1,0.97,0.91,0.57,0.9,0.34,0.79,0.6,0.39,0.43,0.83,0,0.6,0.1,0.5,0.64,0.11,0.64,0.55,0,0.5,1,0.91,0.67,1,0.32,0.9,0.6,0.4,0.45,0.83,0
351,0.75,0.34,0.66,0.47,0.58,0.58,1,0,0.98,0,0.13,0.1,0.97,0.91,0.56,0.9,0.34,0.79,0.6,0.39,0.43,0.83,0,0.6,0.1,0.5,0.64,0.11,0.64,0.55,0,0.5,1,0.91,0.67,1,0.32,0.9,0.6,0.4,0.45,0.83,0
352,0.75,0.35,0.66,0.47,0.58,0.58,1,0,0.98,0,0.13,0.1,0.97,0.91,0.57,0.9,0.34,0.79,0.6,0.39,0.43,0.83,0,0.6,0.1,0.5,0.64,0.11,0.64,0.55,0,0.5,1,0.91,0.67,1,0.32,0.9,0.6,0.4,0.45,0.83,0
353,0.75,0.34,0.66,0.48,0.58,0.58,1,0,0.98,0,0.13,0.1,0.97,0.91,0.56,0.9,0.34,0.79,0.61,0.39,0.43,0.83,0,0.6,0.1,0.5,0.64,0.11,0.64,0.55,0,0.5,1,0.91,0.67,1,0.32,0.9,0.6,0.4,0.45,0.83,0
354,0.75,0.35,0.66,0.47,0.58,0.58,1,0,0.98,0,0.13,0.1,0.97,0.91,0.56,0.9,0.34,0.8,0.6,0.39,0.43,0.83,0,0.6,0.1,0.5,0.64,0.11,0.64,0.55,0,0.5,1,0.91,0.67,1,0.32,0.9,0.6,0.4,0.45,0.83,0
355,0.75,0.34,0.66,0.48,0.58,0.58,1,0,0.98,0,0.13,0.1,0.97,0.91,0.56,0.9,0.34,0.8,0.6,0.39,0.43,0.83,0,0.6,0.1,0.5,0.64,0.11,0.64,0.55,0,0.5,1,0.91,0.67,1,0.32,0.9,0.6,0.4,0.45,0.83,0
356,0.75,0,0.66,0.47,0.58,0.58,1,0,0.98,0,0.13,0.1,0.97,0.91,0.57,0.9,0.34,0.8,0.6,0.39,0.43,0.83,0,0.6,0.1,0.5,0.64,0.11,0.64,0.55,0,0.5,1,0.91,0.67,1,0.32,0.9,0.6,0.4,0.45,0.83,0
357,0.75,0,0.66,0.47,0.58,0.58,1,0,0.98,0,0.13,0.1,0.97,0.91,0.57,0.9,0.34,0.8,0.6,0.39,0.43,0.83,0,0.6,0.1,0.5,0.64,0.11,0.64,0.55,0,0.5,1,0.91,0.67,1,0.32,0.9,0.6,0.4,0.45,0.83,0
358,0.76,0,0.66,0.48,0.58,0.58,1,0,0.98,0,0.13,0.1,0.97,0.91,0.57,0.9,0.34,0.8,0.6,0.39,0.43,0.83,0,0.6,0.1,0.5,0.64,0.11,0.64,0.55,0,0.5,1,0.91,0.67,1,0.32,0.9,0.6,0.4,0.45,0.83,0
359,0.75,0.34,0.66,0.47,0.58,0.58,1,0,0.98,0,0.13,0.1,0.97,0.91,0.57,0.9,0.34,0.8,0.61,0.39,0.43,0.83,0,0.6,0.1,0.5,0.64,0.11,0.64,0.55,0,0.5,1,0.91,0.67,1,0.32,0.9,0.6,0.4,0.45,0.83,0
360,0.75,0.35,0.66,0.47,0.58,0.58,1,0,0.98,0,0.13,0.1,0.97,0.91,0.57,0.9,0.34,0.79,0.6,0.39,0.43,0.83,0,0.6,0.1,0.5,0.64,0.11,0.64,0.55,0,0.5,1,0.91,0.67,1,0.32,0.9,0.6,0.4,0.45,0.83,0
361,0.75,0,0.66,0.47,0.58,0.58,1,0,0.98,0,0.13,0.1,0.97,0.91,0.57,0.9,0.34,0.8,0.6,0.39,0.43,0.83,0,0.6,0.1,0.5,0.64,0.11,0.64,0.55,0,0.5,1,0.91,0.67,1,0.32,0.9,0.6,0.4,0.45,0.83,0
362,0.77,0,0.66,0.47,0.58,0.58,1,0,0.98,0,0.13,0.1,0.97,0.91,0.56,0.9,0.34,0.8,0.6,0.39,0.43,0.83,0,0.6,0.1,0.5,0.64,0.11,0.64,0.55,0,0.5,1,0.91,0.67,1,0.32,0.9,0.6,0.4,0.45,0.83,0
363,0.75,0.35,0.66,0.47,0.58,0.58,1,0,0.98,0,0.13,0.1,0.97,0.91,0.57,0.9,0.34,0.8,0.6,0.39,0.43,0.83,0,0.6,0.1,0.5,0.64,0.11,0.64,0.55,0,0.5,1,0.91,0.67,1,0.32,0.9,0.6,0.4,0.45,0.83,0
364,0.75,0.35,0.66,0.48,0.58,0.58,1,0,0.98,0,0.13,0.1,0.97,0.91,0.57,0.9,0.34,0.8,0.6,0.39,0.43,0.83,0,0.6,0.1,0.5,0.64,0.11,0.64,0.55,0,0.5,1,0.91,0.67,1,0.32,0.9,0.6,0.4,0.45,0.83,0
365,0.75,0,0.66,0.47,0.58,0.58,1,0,0.98,0,0.13,0.1,0.97,0.91,0.57,0.9,0.34,0.8,0.6,0.39,0.43,0.83,0,0.6,0.1,0.5,0.64,0.11,0.64,0.55,0,0.5,1,0.91,0.67,1,0.32,0.9,0.6,0.4,0.45,0.83,0
366,0.75,0.34,0.66,0.48,0.58,0.58,1,0,0.98,0,0.13,0.1,0.97,0.91,0.56,0.9,0.34,0.8,0.6,0.39,0.43,0.83,0,0.6,0.1,0.5,0.64,0.11,0.64,0.55,0,0.5,1,0.91,0.67,1,0.32,0.9,0.6,0.4,0.45,0.83,0
367,0.75,0,0.66,0.48,0.58,0.58,1,0,0.98,0,0.13,0.1,0.97,0.91,0.56,0.9,0.34,0.8,0.6,0.39,0.43,0.83,0,0.6,0.1,0.5,0.64,0.11,0.64,0.55,0,0.5,1,0.91,0.67,1,0.32,0.9,0.6,0.4,0.45,0.83,0
368,0.75,0,0.66,0.48,0.58,0.58,1,0,0.98,0,0.13,0.1,0.97,0.91,0.57,0.9,0.34,0.8,0.6,0.39,0.43,0.83,0,0.6,0.1,0.5,0.64,0.11,0.64,0.55,0,0.5,1,0.91,0.67,1,0.32,0.9,0.6,0.4,0.45,0.83,0
369,0.75,0,0.66,0.47,0.58,0.58,1,0,0.98,0,0.13,0.1,0.97,0.91,0.57,0.9,0.34,0.8,0.6,0.39,0.43,0.83,0,0.6,0.1,0.5,0.64,0.11,0.64,0.55,0,0.5,1,0.91,0.67,1,0.32,0.9,0.6,0.4,0.45,0.83,0
370,0.75,0,0.66,0.47,0.58,0.58,1,0,0.98,0,0.13,0.1,0.97,0.91,0.57,0.9,0.34,0.8,0.6,0.39,0.43,0.83,0,0.6,0.1,0.5,0.64,0.11,0.64,0.55,0,0.5,1,0.91,0.67,1,0.32,0.9,0.6,0.4,0.45,0.83,0
371,0.75,0,0.66,0.47,0.58,0.58,1,0,0.98,0,0.13,0.1,0.97,0.91,0.57,0.9,0.34,0.8,0.6,0.39,0.43,0.83,0,0.6,0.1,0.5,0.64,0.11,0.64,0.55,0,0.5,1,0.91,0.67,1,0.32,0.9,0.6,0.4,0.45,0.83,0
372,0.75,0,0.66,0.47,0.58,0.58,1,0,0.98,0,0.13,0.1,0.97,0.91,0.57,0.9,0.34,0.8,0.6,0.39,0.43,0.83,0,0.6,0.1,0.5,0.64,0.11,0.64,0.55,0,0.5,1,0.91,0.67,1,0.32,0.9,0.6,0.4,0.45,0.83,0
373,0.75,0.35,0.66,0.47,0.58,0.58,1,0,0.98,0,0.13,0.1,0.97,0.91,0.57,0.9,0.34,0.8,0.6,0.39,0.43,0.83,0,0.6,0.1,0.5,0.64,0.11,0.64,0.55,0,0.5,1,0.91,0.67,1,0.32,0.9,0.6,0.4,0.45,0.83,0
374,0.76,0.35,0.66,0.47,0.58,0.58,1,0,0.98,0,0.13,0.1,0.97,0.91,0.57,0.9,0.34,0.8,0.6,0.39,0.43,0.83,0,0.6,0.1,0.5,0.64,0.11,0.64,0.55,0,0.5,1,0.91,0.67,1,0.32,0.9,0.6,0.4,0.45,0.83,0
375,0.75,0,0.66,0.48,0.58,0.58,1,0,0.98,0,0.13,0.1,0.97,0.91,0.57,0.9,0.34,0.8,0.6,0.39,0.43,0.83,0,0.6,0.1,0.5,0.64,0.11,0.64,0.55,0,0.5,1,0.91,0.67,1,0.32,0.9,0.6,0.4,0.45,0.83,0
376,0.75,0,0.66,0.48,0.58,0.58,1,0,0.98,0,0.13,0.1,0.97,0.91,0.57,0.9,0.34,0.8,0.6,0.39,0.43,0.83,0,0.6,0.1,0.5,0.64,0.11,0.64,0.55,0,0.5,1,0.91,0.67,1,0.32,0.9,0.6,0.4,0.45,0.83,0
377,0.75,0,0.66,0.48,0.58,0.58,1,0,0.98,0,0.13,0.1,0.97,0.91,0.57,0.9,0.34,0.8,0.6,0.39,0.43,0.83,0,0.6,0.1,0.5,0.64,0.11,0.64,0.55,0,0.5,1,0.91,0.67,1,0.32,0.9,0.6,0.4,0.45,0.83,0
378,0.75,0.35,0.66,0.48,0.58,0.58,1,0,0.98,0,0.13,0.1,0.97,0.91,0.57,0.9,0.34,0.8,0.6,0.39,0.43,0.83,0,0.6,0.1,0.5,0.64,0.11,0.64,0.55,0,0.5,1,0.91,0.67,1,0.32,0.9,0.6,0.4,0.45,0.83,0
379,0.75,0.34,0.66,0.47,0.58,0.58,1,0,0.98,0,0.13,0.1,0.97,0.91,0.57,0.9,0.34,0.8,0.6,0.39,0.43,0.83,0,0.6,0.1,0.5,0.64,0.11,0.64,0.55,0,0.5,1,0.91,0.67,1,0.32,0.9,0.6,0.4,0.45,0.83,0
380,0.75,0.35,0.66,0.48,0.58,0.58,1,0,0.98,0,0.13,0.1,0.97,0.91,0.57,0.9,0.34,0.8,0.6,0.39,0.43,0.83,0,0.6,0.1,0.5,0.64,0.11,0.64,0.55,0,0.5,1,0.91,0.67,1,0.32,0.9,0.6,0.4,0.45,0.83,0
381,0.75,0,0.66,0.48,0.58,0.58,1,0,0.98,0,0.13,0.1,0.97,0.91,0.57,0.9,0.34,0.8,0.6,0.39,0.43,0.83,0,0.6,0.1,0.5,0.64,0.11,0.64,0.55,0,0.5,1,0.91,0.67,1,0.32,0.9,0.6,0.4,0.45,0.83,0
382,0.75,0,0.66,0.48,0.58,0.58,1,0,0.98,0,0.13,0.1,0.97,0.91,0.57,0.9,0.34,0.8,0.6,0.39,0.43,0.83,0,0.6,0.1,0.5,0.64,0.11,0.64,0.55,0,0.5,1,0.91,0.67,1,0.32,0.9,0.6,0.4,0.45,0.83,0
383,0.75,0.34,0.66,0.47,0.58,0.58,1,0,0.98,0,0.13,0.1,0.97,0.91,0.57,0.9,0.34,0.8,0.6,0.39,0.43,0.83,0,0.6,0.1,0.5,0.64,0.11,0.64,0.55,0,0.5,1,0.91,0.67,1,0.32,0.9,0.6,0.4,0.45,0.83,0
384,0.75,0.34,0.66,0.47,0.58,0.58,1,0,0.98,0,0.13,0.1,0.97,0.91,0.57,0.9,0.34,0.8,0.6,0.39,0.43,0.83,0,0.6,0.1,0.5,0.64,0.11,0.64,0.55,0,0.5,1,0.91,0.67,1,0.32,0.9,0.6,0.4,0.45,0.83,0
385,0.75,0.35,0.66,0.48,0.58,0.58,1,0,0.98,0,0.13,0.1,0.97,0.91,0.57,0.9,0.34,0.8,0.6,0.39,0.43,0.83,0,0.6,0.1,0.5,0.64,0.11,0.64,0.55,0,0.5,1,0.91,0.67,1,0.32,0.9,0.6,0.4,0.45,0.83,0
386,0.75,0,0.66,0.48,0.58,0.58,1,0,0.98,0,0.13,0.1,0.97,0.91,0.57,0.9,0.34,0.8,0.6,0.39,0.43,0.83,0,0.6,0.1,0.5,0.64,0.11,0.64,0.55,0,0.5,1,0.91,0.67,1,0.32,0.9,0.6,0.4,0.45,0.83,0
387,0.75,0.35,0.66,0.48,0.58,0.58,1,0,0.98,0,0.13,0.1,0.97,0.91,0.57,0.9,0.34,0.8,0.6,0.39,0.43,0.83,0,0.6,0.1,0.5,0.64,0.11,0.64,0.55,0,0.5,1,0.91,0.67,1,0.32,0.9,0.6,0.4,0.45,0.83,0
388,0.75,0,0.66,0.48,0.58,0.58,1,0,0.98,0,0.13,0.1,0.97,0.91,0.57,0.9,0.35,0.8,0.6,0.39,0.43,0.83,0,0.6,0.1,0.5,0.64,0.11,0.64,0.55,0,0.5,1,0.91,0.67,1,0.32,0.9,0.6,0.4,0.45,0.83,0
389,0.75,0.35,0.66,0.48,0.58,0.58,1,0,0.98,0,0.13,0.1,0.97,0.91,0.57,0.9,0.34,0.8,0.6,0.39,0.43,0.83,0,0.6,0.1,0.5,0.64,0.11,0.64,0.55,0,0.5,1,0.91,0.67,1,0.32,0.9,0.6,0.4,0.45,0.83,0
390,0.75,0.34,0.66,0.47,0.58,0.59,1,0,0.98,0,0.13,0.1,0.97,0.91,0.57,0.9,0.35,0.8,0.6,0.39,0.43,0.83,0,0.6,0.1,0.5,0.64,0.11,0.64,0.55,0,0.5,1,0.91,0.67,1,0.32,0.9,0.6,0.4,0.45,0.83,0
391,0.75,0,0.66,0.48,0.58,0.58,1,0,0.98,0,0.13,0.1,0.97,0.91,0.57,0.9,0.34,0.8,0.6,0.39,0.43,0.83,0,0.6,0.1,0.5,0.64,0.11,0.64,0.55,0,0.5,1,0.91,0.67,1,0.32,0.9,0.6,0.4,0.45,0.83,0
392,0.75,0.34,0.66,0.48,0.58,0.58,1,0,0.98,0,0.13,0.1,0.97,0.91,0.57,0.9,0.34,0.8,0.6,0.39,0.43,0.83,0,0.6,0.1,0.5,0.64,0.11,0.64,0.55,0,0.5,1,0.91,0.67,1,0.32,0.9,0.6,0.4,0.45,0.83,0
393,0.75,0.32,0.66,0.47,0.58,0.58,1,0,0.98,0,0.13,0.1,0.97,0.91,0.57,0.9,0.35,0.8,0.6,0.39,0.43,0.83,0,0.6,0.1,0.5,0.64,0.11,0.64,0.55,0,0.5,1,0.91,0.67,1,0.32,0.9,0.6,0.4,0.45,0.83,0
394,0.75,0.35,0.66,0.48,0.58,0.59,1,0,0.98,0,0.13,0.1,0.97,0.91,0.57,0.9,0.34,0.8,0.6,0.39,0.43,0.83,0,0.6,0.1,0.5,0.64,0.11,0.64,0.55,0,0.5,1,0.91,0.67,1,0.32,0.9,0.6,0.4,0.45,0.83,0
395,0.75,0,0.66,0.48,0.58,0.59,1,0,0.98,0,0.13,0.1,0.97,0.91,0.57,0.9,0.34,0.8,0.6,0.39,0.43,0.83,0,0.6,0.1,0.5,0.64,0.11,0.64,0.55,0,0.5,1,0.91,0.67,1,0.32,0.9,0.6,0.4,0.45,0.83,0
396,0.75,0,0.66,0.47,0.58,0.58,1,0,0.98,0,0.13,0.1,0.97,0.91,0.57,0.9,0.34,0.8,0.6,0.39,0.43,0.83,0,0.6,0.1,0.5,0.64,0.11,0.64,0.55,0,0.5,1,0.91,0.67,1,0.32,0.9,0.6,0.4,0.45,0.83,0
397,0.76,0,0.66,0.48,0.58,0.58,1,0,0.98,0,0.13,0.1,0.97,0.91,0.57,0.9,0.35,0.8,0.6,0.39,0.43,0.83,0,0.6,0.1,0.5,0.64,0.11,0.64,0.52,0,0.5,1,0.91,0.67,1,0.32,0.9,0.6,0.4,0.45,0.83,0
398,0.75,0.34,0.66,0.48,0.58,0.58,1,0,0.98,0,0.13,0.1,0.97,0.91,0.57,0.9,0.35,0.8,0.6,0.39,0.43,0.83,0,0.6,0.1,0.5,0.64,0.11,0.64,0.55,0,0.5,1,0.91,0.67,1,0.32,0.9,0.6,0.4,0.45,0.83,0
399,0.75,0.35,0.67,0.48,0.58,0.58,1,0,0.98,0,0.13,0.1,0.97,0.91,0.57,0.9,0.34,0.8,0.6,0.39,0.43,0.83,0,0.6,0.1,0.5,0.64,0.11,0.64,0.55,0,0.5,1,0.91,0.67,1,0.32,0.9,0.6,0.4,0.45,0.83,0
